{"v":"5.8.1","fr":24,"ip":0,"op":138,"w":1280,"h":578,"nm":"SB_43_Scene_09_CH","ddd":0,"assets":[],"layers":[{"ddd":0,"ind":1,"ty":3,"nm":"Null 1","sr":1,"ks":{"o":{"a":0,"k":0},"p":{"a":1,"k":[{"i":{"x":0.667,"y":1},"o":{"x":0.167,"y":0.167},"t":0,"s":[1459,311,0],"to":[-79.333,0,0],"ti":[79.333,0,0]},{"i":{"x":0.667,"y":0.667},"o":{"x":0.167,"y":0.167},"t":38,"s":[983,311,0],"to":[0,0,0],"ti":[0,0,0]},{"i":{"x":0.667,"y":1},"o":{"x":0.167,"y":0},"t":48,"s":[983,311,0],"to":[-449.333,-274,0],"ti":[7.333,-106,0]},{"i":{"x":0.667,"y":1},"o":{"x":0.333,"y":0},"t":78,"s":[193,311,0],"to":[0.05,0.039,0],"ti":[-0.113,-0.039,0]},{"i":{"x":0.667,"y":1},"o":{"x":0.333,"y":0},"t":91,"s":[193,311,0],"to":[0.113,0.039,0],"ti":[3.333,0,0]},{"t":129,"s":[-187,311,0]}]},"s":{"a":0,"k":[82,82,100]}},"ao":0,"ip":0,"op":6000,"st":0,"bm":0},{"ddd":0,"ind":2,"ty":4,"nm":"Leg L","parent":3,"sr":1,"ks":{"r":{"a":1,"k":[{"i":{"x":[0.667],"y":[1]},"o":{"x":[0.167],"y":[0.167]},"t":0,"s":[84.4]},{"i":{"x":[0.667],"y":[1]},"o":{"x":[0.333],"y":[0]},"t":14,"s":[116.2]},{"i":{"x":[0.667],"y":[1]},"o":{"x":[0.333],"y":[0]},"t":28,"s":[84.4]},{"i":{"x":[0.667],"y":[1]},"o":{"x":[0.333],"y":[0]},"t":38,"s":[109.4]},{"i":{"x":[0.667],"y":[1]},"o":{"x":[0.333],"y":[0]},"t":48,"s":[58.8]},{"i":{"x":[0.667],"y":[1]},"o":{"x":[0.167],"y":[0]},"t":53,"s":[91.4]},{"i":{"x":[0.667],"y":[1]},"o":{"x":[0.167],"y":[0]},"t":76,"s":[109.4]},{"i":{"x":[0.667],"y":[1]},"o":{"x":[0.333],"y":[0]},"t":81,"s":[58.8]},{"i":{"x":[0.833],"y":[0.833]},"o":{"x":[0.333],"y":[0]},"t":91,"s":[109.4]},{"i":{"x":[0.667],"y":[1]},"o":{"x":[0.167],"y":[0.167]},"t":101,"s":[84.4]},{"i":{"x":[0.667],"y":[1]},"o":{"x":[0.333],"y":[0]},"t":115,"s":[116.2]},{"t":129,"s":[84.4]}]},"p":{"a":1,"k":[{"i":{"x":0.667,"y":1},"o":{"x":0.333,"y":0},"t":38,"s":[79.939,158.145,0],"to":[0.114,0.168,0],"ti":[0,0,0]},{"i":{"x":0.667,"y":1},"o":{"x":0.333,"y":0},"t":48,"s":[80.623,159.155,0],"to":[0,0,0],"ti":[0.114,0.168,0]},{"i":{"x":0.667,"y":1},"o":{"x":0.167,"y":0},"t":53,"s":[79.939,158.145,0],"to":[-0.114,-0.168,0],"ti":[0.114,0.168,0]},{"i":{"x":0.667,"y":1},"o":{"x":0.167,"y":0},"t":76,"s":[79.939,158.145,0],"to":[-0.114,-0.168,0],"ti":[0,0,0]},{"i":{"x":0.667,"y":1},"o":{"x":0.333,"y":0},"t":81,"s":[80.623,159.155,0],"to":[0,0,0],"ti":[-0.114,-0.168,0]},{"t":91,"s":[79.939,158.145,0]}]},"a":{"a":0,"k":[79.939,158.145,0]}},"ao":0,"shapes":[{"ty":"gr","it":[{"ty":"gr","it":[{"ind":0,"ty":"sh","ks":{"a":0,"k":{"i":[[7.964,-6.277],[-4.555,-6.643],[-0.131,3.437]],"o":[[0,0],[4.555,6.643],[0.131,-3.437]],"v":[[132.695,154.932],[134.321,165.743],[145.823,169.104]],"c":true}},"nm":"Path 1","hd":false},{"ty":"fl","c":{"a":0,"k":[0.51372551918,0.75686275959,0.854901969433,1]},"o":{"a":0,"k":100},"r":1,"bm":0,"nm":"Fill 1","hd":false},{"ty":"tr","p":{"a":0,"k":[0,0]},"a":{"a":0,"k":[0,0]},"s":{"a":0,"k":[100,100]},"r":{"a":0,"k":0},"o":{"a":0,"k":19},"sk":{"a":0,"k":0},"sa":{"a":0,"k":0},"nm":"Transform"}],"nm":"Group 1","bm":0,"hd":false},{"ty":"gr","it":[{"ind":0,"ty":"sh","ks":{"a":0,"k":{"i":[[0,0],[0,0]],"o":[[0,0],[0,0]],"v":[[128.827,148.084],[141.116,139.573]],"c":false}},"nm":"Path 1","hd":false},{"ty":"st","c":{"a":0,"k":[0.160784319043,0.184313729405,0.439215689898,1]},"o":{"a":0,"k":100},"w":{"a":0,"k":1},"lc":1,"lj":1,"ml":10,"bm":0,"nm":"Stroke 1","hd":false},{"ty":"fl","c":{"a":0,"k":[0.219607844949,0.282352954149,0.615686297417,1]},"o":{"a":0,"k":100},"r":1,"bm":0,"nm":"Fill 1","hd":false},{"ty":"tr","p":{"a":0,"k":[0,0]},"a":{"a":0,"k":[0,0]},"s":{"a":0,"k":[100,100]},"r":{"a":0,"k":0},"o":{"a":0,"k":100},"sk":{"a":0,"k":0},"sa":{"a":0,"k":0},"nm":"Transform"}],"nm":"Group 2","bm":0,"hd":false},{"ty":"gr","it":[{"ind":0,"ty":"sh","ks":{"a":0,"k":{"i":[[-1.739,-3.519],[-19.974,-5.544],[-5.917,-7.432],[26.666,37.888],[0,0]],"o":[[0,0],[14.566,4.043],[0,0],[0,0],[0,0]],"v":[[101.243,133.238],[143.815,119.299],[172.459,157.791],[143.143,94.233],[94.949,123.673]],"c":true}},"nm":"Path 1","hd":false},{"ty":"fl","c":{"a":0,"k":[0.152941182256,0.227450981736,0.57647061348,1]},"o":{"a":0,"k":100},"r":1,"bm":0,"nm":"Fill 1","hd":false},{"ty":"tr","p":{"a":0,"k":[0,0]},"a":{"a":0,"k":[0,0]},"s":{"a":0,"k":[100,100]},"r":{"a":0,"k":0},"o":{"a":0,"k":100},"sk":{"a":0,"k":0},"sa":{"a":0,"k":0},"nm":"Transform"}],"nm":"Group 3","bm":0,"hd":false},{"ty":"gr","it":[{"ind":0,"ty":"sh","ks":{"a":0,"k":{"i":[[9.64,-5.004],[9.784,12],[-21.174,14.03],[-7.771,-24.33],[0,0],[17.217,13.638],[0,0]],"o":[[0,0],[0,0],[0,0],[7.771,24.33],[0,0],[-11.759,-9.315],[0,0]],"v":[[110.807,158.081],[93.943,123.473],[143.418,93.32],[168.47,140.419],[175.129,170.654],[137.182,172.862],[130.923,146.922]],"c":true}},"nm":"Path 1","hd":false},{"ty":"st","c":{"a":0,"k":[0.160784319043,0.184313729405,0.439215689898,1]},"o":{"a":0,"k":100},"w":{"a":0,"k":1},"lc":1,"lj":1,"ml":10,"bm":0,"nm":"Stroke 1","hd":false},{"ty":"fl","c":{"a":0,"k":[0.219607844949,0.282352954149,0.615686297417,1]},"o":{"a":0,"k":100},"r":1,"bm":0,"nm":"Fill 1","hd":false},{"ty":"tr","p":{"a":0,"k":[0,0]},"a":{"a":0,"k":[0,0]},"s":{"a":0,"k":[100,100]},"r":{"a":0,"k":0},"o":{"a":0,"k":100},"sk":{"a":0,"k":0},"sa":{"a":0,"k":0},"nm":"Transform"}],"nm":"Group 4","bm":0,"hd":false},{"ty":"gr","it":[{"ind":0,"ty":"sh","ks":{"a":0,"k":{"i":[[-21.744,-27.257],[-10.682,11.003],[21.491,12.742],[1.217,-2.733],[0,0]],"o":[[0,0],[6.182,-6.367],[0,0],[-1.775,3.988],[0,0]],"v":[[169.56,157.067],[182.355,167.397],[150.305,89.567],[142.029,95.239],[151.161,113.293]],"c":true}},"nm":"Path 1","hd":false},{"ty":"st","c":{"a":0,"k":[0.086274512112,0.141176477075,0.298039227724,1]},"o":{"a":0,"k":100},"w":{"a":0,"k":1},"lc":1,"lj":1,"ml":10,"bm":0,"nm":"Stroke 1","hd":false},{"ty":"fl","c":{"a":0,"k":[0.086274512112,0.141176477075,0.298039227724,1]},"o":{"a":0,"k":100},"r":1,"bm":0,"nm":"Fill 1","hd":false},{"ty":"tr","p":{"a":0,"k":[0,0]},"a":{"a":0,"k":[0,0]},"s":{"a":0,"k":[100,100]},"r":{"a":0,"k":0},"o":{"a":0,"k":100},"sk":{"a":0,"k":0},"sa":{"a":0,"k":0},"nm":"Transform"}],"nm":"Group 5","bm":0,"hd":false},{"ty":"tr","p":{"a":0,"k":[103.397,141.294]},"a":{"a":0,"k":[103.397,141.294]},"s":{"a":0,"k":[100,100]},"r":{"a":1,"k":[{"i":{"x":[0.667],"y":[1]},"o":{"x":[0.167],"y":[0.167]},"t":0,"s":[-24.9]},{"i":{"x":[0.667],"y":[1]},"o":{"x":[0.333],"y":[0]},"t":14,"s":[-7.9]},{"i":{"x":[0.667],"y":[1]},"o":{"x":[0.333],"y":[0]},"t":28,"s":[-24.9]},{"i":{"x":[0.667],"y":[1]},"o":{"x":[0.167],"y":[0]},"t":38,"s":[-7.9]},{"i":{"x":[0.833],"y":[0.833]},"o":{"x":[0.167],"y":[0]},"t":91,"s":[-7.9]},{"i":{"x":[0.667],"y":[1]},"o":{"x":[0.167],"y":[0.167]},"t":101,"s":[-24.9]},{"i":{"x":[0.667],"y":[1]},"o":{"x":[0.333],"y":[0]},"t":115,"s":[-7.9]},{"t":129,"s":[-24.9]}]},"o":{"a":0,"k":100},"sk":{"a":0,"k":0},"sa":{"a":0,"k":0},"nm":"Transform"}],"nm":"Group 1","bm":0,"hd":false},{"ty":"gr","it":[{"ty":"gr","it":[{"ind":0,"ty":"sh","ks":{"a":0,"k":{"i":[[13.831,0.304],[0,0],[-2.71,-5.948],[-4.158,0.538],[0,0]],"o":[[0,0],[0,0],[0.906,1.989],[10.182,-1.318],[0,0]],"v":[[120.743,117.929],[77.408,153.317],[75.278,161.407],[82.103,164.081],[124.947,128.86]],"c":true}},"nm":"Path 1","hd":false},{"ty":"st","c":{"a":0,"k":[0.070588238537,0.290196090937,0.427450984716,1]},"o":{"a":0,"k":100},"w":{"a":0,"k":1},"lc":1,"lj":1,"ml":10,"bm":0,"nm":"Stroke 1","hd":false},{"ty":"fl","c":{"a":0,"k":[0.396078437567,0.623529434204,0.835294127464,1]},"o":{"a":0,"k":100},"r":1,"bm":0,"nm":"Fill 1","hd":false},{"ty":"tr","p":{"a":0,"k":[0,0]},"a":{"a":0,"k":[0,0]},"s":{"a":0,"k":[100,100]},"r":{"a":0,"k":0},"o":{"a":0,"k":100},"sk":{"a":0,"k":0},"sa":{"a":0,"k":0},"nm":"Transform"}],"nm":"Group 1","bm":0,"hd":false},{"ty":"gr","it":[{"ind":0,"ty":"sh","ks":{"a":0,"k":{"i":[[0,-3.161],[3.161,0],[0,3.161],[-3.161,0]],"o":[[0,3.161],[-3.161,0],[0,-3.161],[3.161,0]],"v":[[85.84,158.359],[80.118,164.081],[74.395,158.359],[80.118,152.636]],"c":true}},"nm":"Path 1","hd":false},{"ty":"st","c":{"a":0,"k":[0.070588238537,0.290196090937,0.427450984716,1]},"o":{"a":0,"k":100},"w":{"a":0,"k":1},"lc":1,"lj":1,"ml":10,"bm":0,"nm":"Stroke 1","hd":false},{"ty":"fl","c":{"a":0,"k":[0.396078437567,0.623529434204,0.835294127464,1]},"o":{"a":0,"k":100},"r":1,"bm":0,"nm":"Fill 1","hd":false},{"ty":"tr","p":{"a":0,"k":[0,0]},"a":{"a":0,"k":[0,0]},"s":{"a":0,"k":[100,100]},"r":{"a":0,"k":0},"o":{"a":0,"k":100},"sk":{"a":0,"k":0},"sa":{"a":0,"k":0},"nm":"Transform"}],"nm":"Group 2","bm":0,"hd":false},{"ty":"tr","p":{"a":0,"k":[0,0]},"a":{"a":0,"k":[0,0]},"s":{"a":0,"k":[100,100]},"r":{"a":0,"k":0},"o":{"a":0,"k":100},"sk":{"a":0,"k":0},"sa":{"a":0,"k":0},"nm":"Transform"}],"nm":"Group 2","bm":0,"hd":false},{"ty":"gr","it":[{"ind":0,"ty":"sh","ks":{"a":0,"k":{"i":[[0,0],[-14.664,-4.417],[0,0]],"o":[[0,0],[0,0],[0,0]],"v":[[93.943,124.382],[110.283,158.065],[117.066,142.134]],"c":true}},"nm":"Path 1","hd":false},{"ty":"st","c":{"a":0,"k":[0.086274512112,0.141176477075,0.298039227724,1]},"o":{"a":0,"k":100},"w":{"a":0,"k":1},"lc":1,"lj":1,"ml":10,"bm":0,"nm":"Stroke 1","hd":false},{"ty":"fl","c":{"a":0,"k":[0.086274512112,0.141176477075,0.298039227724,1]},"o":{"a":0,"k":100},"r":1,"bm":0,"nm":"Fill 1","hd":false},{"ty":"tr","p":{"a":0,"k":[102.232,142.831]},"a":{"a":0,"k":[102.232,142.831]},"s":{"a":0,"k":[100,100]},"r":{"a":0,"k":0,"x":"var $bm_rt;\n$bm_rt = content('Group 1').transform.rotation;"},"o":{"a":0,"k":100},"sk":{"a":0,"k":0},"sa":{"a":0,"k":0},"nm":"Transform"}],"nm":"Group 3","bm":0,"hd":false}],"ip":0,"op":6000,"st":0,"bm":0},{"ddd":0,"ind":3,"ty":4,"nm":"Thigh L","parent":1,"sr":1,"ks":{"r":{"a":1,"k":[{"i":{"x":[0.667],"y":[1]},"o":{"x":[0.167],"y":[0.167]},"t":0,"s":[-12]},{"i":{"x":[0.667],"y":[1]},"o":{"x":[0.333],"y":[0]},"t":14,"s":[36]},{"i":{"x":[0.667],"y":[1]},"o":{"x":[0.333],"y":[0]},"t":28,"s":[-12]},{"i":{"x":[0.667],"y":[1]},"o":{"x":[0.333],"y":[0]},"t":38,"s":[15]},{"i":{"x":[0.667],"y":[1]},"o":{"x":[0.333],"y":[0]},"t":48,"s":[47.1]},{"i":{"x":[0.577],"y":[0.866]},"o":{"x":[0.183],"y":[0]},"t":53,"s":[-8]},{"i":{"x":[0.703],"y":[1]},"o":{"x":[0.343],"y":[-0.192]},"t":65,"s":[40.029]},{"i":{"x":[0.667],"y":[1]},"o":{"x":[0.167],"y":[0]},"t":76,"s":[15]},{"i":{"x":[0.667],"y":[1]},"o":{"x":[0.333],"y":[0]},"t":81,"s":[47.1]},{"i":{"x":[0.833],"y":[0.833]},"o":{"x":[0.333],"y":[0]},"t":91,"s":[15]},{"i":{"x":[0.667],"y":[1]},"o":{"x":[0.167],"y":[0.167]},"t":101,"s":[-12]},{"i":{"x":[0.667],"y":[1]},"o":{"x":[0.333],"y":[0]},"t":115,"s":[36]},{"t":129,"s":[-12]}]},"p":{"a":1,"k":[{"i":{"x":0.667,"y":1},"o":{"x":0.333,"y":0},"t":38,"s":[102.02,153.924,0],"to":[0,0.711,0],"ti":[0,0,0]},{"i":{"x":0.667,"y":1},"o":{"x":0.333,"y":0},"t":48,"s":[102.02,158.192,0],"to":[0,0,0],"ti":[0,0.711,0]},{"i":{"x":0.667,"y":1},"o":{"x":0.167,"y":0},"t":53,"s":[102.02,153.924,0],"to":[0,-0.711,0],"ti":[0,0.711,0]},{"i":{"x":0.667,"y":1},"o":{"x":0.167,"y":0},"t":76,"s":[102.02,153.924,0],"to":[0,-0.711,0],"ti":[0,0,0]},{"i":{"x":0.667,"y":1},"o":{"x":0.333,"y":0},"t":81,"s":[102.02,158.192,0],"to":[0,0,0],"ti":[0,-0.711,0]},{"t":91,"s":[102.02,153.924,0]}]},"a":{"a":0,"k":[66.629,102.924,0]}},"ao":0,"shapes":[{"ty":"gr","it":[{"ind":0,"ty":"sh","ks":{"a":0,"k":{"i":[[0,0],[0,0],[4.738,-1.469],[1.394,1.614],[0,0]],"o":[[0,0],[0,0],[-1.407,0.436],[-3.329,-3.854],[0,0]],"v":[[78.248,120.573],[86.03,157.791],[82.103,164.081],[75.989,162.785],[64.088,122.932]],"c":false}},"nm":"Path 1","hd":false},{"ty":"st","c":{"a":0,"k":[0.070588238537,0.290196090937,0.427450984716,1]},"o":{"a":0,"k":100},"w":{"a":0,"k":1},"lc":1,"lj":1,"ml":10,"bm":0,"nm":"Stroke 1","hd":false},{"ty":"fl","c":{"a":0,"k":[0.396078437567,0.623529434204,0.835294127464,1]},"o":{"a":0,"k":100},"r":1,"bm":0,"nm":"Fill 1","hd":false},{"ty":"tr","p":{"a":0,"k":[0,0]},"a":{"a":0,"k":[0,0]},"s":{"a":0,"k":[100,100]},"r":{"a":0,"k":0},"o":{"a":0,"k":100},"sk":{"a":0,"k":0},"sa":{"a":0,"k":0},"nm":"Transform"}],"nm":"Group 1","bm":0,"hd":false},{"ty":"gr","it":[{"ind":0,"ty":"sh","ks":{"a":0,"k":{"i":[[0,-3.161],[3.161,0],[0,3.161],[-3.161,0]],"o":[[0,3.161],[-3.161,0],[0,-3.161],[3.161,0]],"v":[[85.84,158.359],[80.118,164.081],[74.395,158.359],[80.118,152.636]],"c":true}},"nm":"Path 1","hd":false},{"ty":"st","c":{"a":0,"k":[0.070588238537,0.290196090937,0.427450984716,1]},"o":{"a":0,"k":100},"w":{"a":0,"k":1},"lc":1,"lj":1,"ml":10,"bm":0,"nm":"Stroke 1","hd":false},{"ty":"fl","c":{"a":0,"k":[0.396078437567,0.623529434204,0.835294127464,1]},"o":{"a":0,"k":100},"r":1,"bm":0,"nm":"Fill 1","hd":false},{"ty":"tr","p":{"a":0,"k":[0,0]},"a":{"a":0,"k":[0,0]},"s":{"a":0,"k":[100,100]},"r":{"a":0,"k":0},"o":{"a":0,"k":100},"sk":{"a":0,"k":0},"sa":{"a":0,"k":0},"nm":"Transform"}],"nm":"Group 2","bm":0,"hd":false}],"ip":0,"op":6000,"st":0,"bm":0},{"ddd":0,"ind":4,"ty":4,"nm":"Cap","parent":6,"sr":1,"ks":{"r":{"a":1,"k":[{"i":{"x":[0.667],"y":[1]},"o":{"x":[0.333],"y":[0]},"t":0,"s":[0]},{"i":{"x":[0.667],"y":[1]},"o":{"x":[0.333],"y":[0]},"t":14,"s":[1.6]},{"i":{"x":[0.667],"y":[1]},"o":{"x":[0.333],"y":[0]},"t":28,"s":[0]},{"i":{"x":[0.833],"y":[1]},"o":{"x":[0.333],"y":[0]},"t":38,"s":[0]},{"i":{"x":[0.667],"y":[1]},"o":{"x":[0.167],"y":[0]},"t":48,"s":[3.7]},{"i":{"x":[0.667],"y":[1]},"o":{"x":[0.333],"y":[0]},"t":53,"s":[0]},{"i":{"x":[0.667],"y":[1]},"o":{"x":[0.333],"y":[0]},"t":91,"s":[0]},{"i":{"x":[0.667],"y":[1]},"o":{"x":[0.333],"y":[0]},"t":101,"s":[0]},{"i":{"x":[0.667],"y":[1]},"o":{"x":[0.333],"y":[0]},"t":115,"s":[1.6]},{"t":129,"s":[0]}]},"p":{"a":0,"k":[77.902,-169.193,0]},"a":{"a":0,"k":[77.902,-169.193,0]}},"ao":0,"shapes":[{"ty":"gr","it":[{"ty":"gr","it":[{"ind":0,"ty":"sh","ks":{"a":0,"k":{"i":[[-0.426,1.269],[-7.589,-0.775],[-1.025,1.404],[4.468,-1.347],[0.017,1.088],[-0.356,2.093]],"o":[[0,0],[0,0],[0,0],[-4.468,1.347],[0,0],[0,0]],"v":[[161.331,-183.278],[167.576,-175.251],[172.516,-176.498],[167.523,-171.497],[159.857,-176.163],[159.784,-179.912]],"c":true}},"nm":"Path 1","hd":false},{"ty":"fl","c":{"a":0,"k":[0.152941182256,0.176470592618,0.411764711142,1]},"o":{"a":0,"k":100},"r":1,"bm":0,"nm":"Fill 1","hd":false},{"ty":"tr","p":{"a":0,"k":[0,0]},"a":{"a":0,"k":[0,0]},"s":{"a":0,"k":[100,100]},"r":{"a":0,"k":0},"o":{"a":0,"k":100},"sk":{"a":0,"k":0},"sa":{"a":0,"k":0},"nm":"Transform"}],"nm":"Group 1","bm":0,"hd":false},{"ty":"gr","it":[{"ind":0,"ty":"sh","ks":{"a":0,"k":{"i":[[-1.165,-0.197],[-13.071,5.512],[8.422,0.384],[0.334,0.232],[0.189,3.523],[0,0],[0.392,3.213],[0,0],[0,0],[0,0]],"o":[[0,0],[0,0],[0,0],[0,0],[-0.189,-3.523],[0,0],[-0.25,-2.052],[0,0],[0,0],[0,0]],"v":[[147.613,-200.95],[159.491,-182.804],[149.757,-176.492],[147.135,-176.822],[148.44,-181.854],[144.775,-186.086],[146.464,-191.574],[145.499,-193.988],[145.837,-196.649],[145.114,-200.491]],"c":true}},"nm":"Path 1","hd":false},{"ty":"fl","c":{"a":0,"k":[0.152941182256,0.176470592618,0.411764711142,1]},"o":{"a":0,"k":100},"r":1,"bm":0,"nm":"Fill 1","hd":false},{"ty":"tr","p":{"a":0,"k":[0,0]},"a":{"a":0,"k":[0,0]},"s":{"a":0,"k":[100,100]},"r":{"a":0,"k":0},"o":{"a":0,"k":100},"sk":{"a":0,"k":0},"sa":{"a":0,"k":0},"nm":"Transform"}],"nm":"Group 2","bm":0,"hd":false},{"ty":"gr","it":[{"ind":0,"ty":"sh","ks":{"a":0,"k":{"i":[[0,0],[-4.023,2.771],[-4.84,-0.65],[-5.032,1.817],[-1.065,1.716],[-4.908,-1.704],[-0.328,-3.138],[-3.334,-1.364],[8.428,2.268],[1.563,-2.779],[5.475,1.373],[7.235,-0.538],[5.668,-9.059]],"o":[[0,0],[4.267,-2.939],[4.84,0.65],[5.032,-1.817],[1.065,-1.716],[4.908,1.704],[0,0],[0,0],[-8.428,-2.268],[-1.563,2.779],[-5.475,-1.373],[-5.621,0.418],[0,0]],"v":[[78.763,-189.574],[83.077,-197.338],[97.57,-199.614],[112.94,-197.679],[120.429,-205.501],[128.917,-210.384],[135.856,-198.289],[141.766,-197.162],[130.608,-212.906],[118.022,-206.247],[106.483,-200.22],[90.091,-202.688],[73.071,-191.138]],"c":true}},"nm":"Path 1","hd":false},{"ty":"fl","c":{"a":0,"k":[0.152941182256,0.176470592618,0.411764711142,1]},"o":{"a":0,"k":100},"r":1,"bm":0,"nm":"Fill 1","hd":false},{"ty":"tr","p":{"a":0,"k":[0,0]},"a":{"a":0,"k":[0,0]},"s":{"a":0,"k":[100,100]},"r":{"a":0,"k":0},"o":{"a":0,"k":100},"sk":{"a":0,"k":0},"sa":{"a":0,"k":0},"nm":"Transform"}],"nm":"Group 3","bm":0,"hd":false},{"ty":"gr","it":[{"ind":0,"ty":"sh","ks":{"a":0,"k":{"i":[[0,0],[-10.151,-1.092],[-4.143,1.65],[-0.849,4.787],[-0.465,-3.015],[9.97,-2.142],[7.629,0.375],[0,0],[2.001,1.574]],"o":[[0,0],[10.151,1.092],[4.143,-1.65],[0,0],[0,0],[-3.982,0.856],[-7.068,-0.348],[0,0],[-1.442,-1.135]],"v":[[84.389,-187.48],[100.613,-194.66],[123.105,-192.556],[133.272,-203.521],[135.191,-196.458],[122.24,-189.8],[105.995,-191.756],[93.105,-182.679],[89.961,-183.738]],"c":true}},"nm":"Path 1","hd":false},{"ty":"fl","c":{"a":0,"k":[0.152941182256,0.176470592618,0.411764711142,1]},"o":{"a":0,"k":100},"r":1,"bm":0,"nm":"Fill 1","hd":false},{"ty":"tr","p":{"a":0,"k":[0,0]},"a":{"a":0,"k":[0,0]},"s":{"a":0,"k":[100,100]},"r":{"a":0,"k":0},"o":{"a":0,"k":100},"sk":{"a":0,"k":0},"sa":{"a":0,"k":0},"nm":"Transform"}],"nm":"Group 4","bm":0,"hd":false},{"ty":"gr","it":[{"ind":0,"ty":"sh","ks":{"a":0,"k":{"i":[[0.535,0.791],[-1.172,2.688],[0,0],[0.895,-6.101],[1.605,-1.24],[0,0]],"o":[[0,0],[1.172,-2.688],[0,0],[-0.895,6.101],[0,0],[0,0]],"v":[[129.321,-150.281],[133.89,-154.339],[139.387,-160.282],[135.624,-150.238],[131.983,-143.369],[132.164,-145.453]],"c":true}},"nm":"Path 1","hd":false},{"ty":"fl","c":{"a":0,"k":[0.152941182256,0.176470592618,0.411764711142,1]},"o":{"a":0,"k":100},"r":1,"bm":0,"nm":"Fill 1","hd":false},{"ty":"tr","p":{"a":0,"k":[0,0]},"a":{"a":0,"k":[0,0]},"s":{"a":0,"k":[100,100]},"r":{"a":0,"k":0},"o":{"a":0,"k":100},"sk":{"a":0,"k":0},"sa":{"a":0,"k":0},"nm":"Transform"}],"nm":"Group 5","bm":0,"hd":false},{"ty":"gr","it":[{"ind":0,"ty":"sh","ks":{"a":0,"k":{"i":[[0,0],[-8.841,2.345],[0,0],[8.207,-2.884],[7.643,-4.265]],"o":[[0,0],[8.841,-2.345],[0,0],[-5.055,1.776],[0,0]],"v":[[123.026,-157.578],[137.434,-164.51],[146.553,-174.139],[141.42,-162.399],[124.759,-155.489]],"c":true}},"nm":"Path 1","hd":false},{"ty":"fl","c":{"a":0,"k":[0.152941182256,0.176470592618,0.411764711142,1]},"o":{"a":0,"k":100},"r":1,"bm":0,"nm":"Fill 1","hd":false},{"ty":"tr","p":{"a":0,"k":[0,0]},"a":{"a":0,"k":[0,0]},"s":{"a":0,"k":[100,100]},"r":{"a":0,"k":0},"o":{"a":0,"k":100},"sk":{"a":0,"k":0},"sa":{"a":0,"k":0},"nm":"Transform"}],"nm":"Group 6","bm":0,"hd":false},{"ty":"gr","it":[{"ind":0,"ty":"sh","ks":{"a":0,"k":{"i":[[0,0],[-6.654,9.203],[-2.246,2.434],[1.223,-1.374],[5.707,-2.959],[3.174,-3.53],[0,0]],"o":[[0,0],[6.654,-9.203],[0,0],[0,0],[-4.243,2.2],[-3.174,3.53],[0,0]],"v":[[117.531,-163.88],[129.999,-172.779],[146.937,-180.985],[146.032,-177.663],[136.257,-175.677],[126.192,-165.041],[120.197,-160.971]],"c":true}},"nm":"Path 1","hd":false},{"ty":"fl","c":{"a":0,"k":[0.152941182256,0.176470592618,0.411764711142,1]},"o":{"a":0,"k":100},"r":1,"bm":0,"nm":"Fill 1","hd":false},{"ty":"tr","p":{"a":0,"k":[0,0]},"a":{"a":0,"k":[0,0]},"s":{"a":0,"k":[100,100]},"r":{"a":0,"k":0},"o":{"a":0,"k":100},"sk":{"a":0,"k":0},"sa":{"a":0,"k":0},"nm":"Transform"}],"nm":"Group 7","bm":0,"hd":false},{"ty":"gr","it":[{"ind":0,"ty":"sh","ks":{"a":0,"k":{"i":[[0,0],[-4.783,4.626],[-5.672,0.814],[-0.047,0.909],[7.011,0.079],[1.293,-1.204],[5.588,1.489]],"o":[[0,0],[4.783,-4.626],[5.672,-0.814],[0,0],[-7.011,-0.079],[-0.538,0.501],[-3.435,-0.915]],"v":[[107.359,-173.721],[121.9,-178.29],[136.929,-187.979],[145.041,-190.949],[139.537,-184.997],[126.09,-177.602],[111.541,-170.426]],"c":true}},"nm":"Path 1","hd":false},{"ty":"fl","c":{"a":0,"k":[0.152941182256,0.176470592618,0.411764711142,1]},"o":{"a":0,"k":100},"r":1,"bm":0,"nm":"Fill 1","hd":false},{"ty":"tr","p":{"a":0,"k":[0,0]},"a":{"a":0,"k":[0,0]},"s":{"a":0,"k":[100,100]},"r":{"a":0,"k":0},"o":{"a":0,"k":100},"sk":{"a":0,"k":0},"sa":{"a":0,"k":0},"nm":"Transform"}],"nm":"Group 8","bm":0,"hd":false},{"ty":"tr","p":{"a":0,"k":[0,0]},"a":{"a":0,"k":[0,0]},"s":{"a":0,"k":[100,100]},"r":{"a":0,"k":0},"o":{"a":0,"k":100},"sk":{"a":0,"k":0},"sa":{"a":0,"k":0},"nm":"Transform"}],"nm":"Group 1","bm":0,"hd":false},{"ty":"gr","it":[{"ind":0,"ty":"sh","ks":{"a":0,"k":{"i":[[4.644,-11.611],[-26.231,-51.718],[0,0],[-0.703,4.362],[0,0],[44.492,0.927]],"o":[[0,0],[0,0],[3.233,-3.022],[0,0],[0,0],[0,0]],"v":[[29.806,-183.025],[122.195,-125.279],[125.129,-127.803],[130.938,-139.852],[131.828,-145.369],[58.358,-192.929]],"c":true}},"nm":"Path 1","hd":false},{"ty":"st","c":{"a":0,"k":[0.160784319043,0.184313729405,0.439215689898,1]},"o":{"a":0,"k":100},"w":{"a":0,"k":1},"lc":1,"lj":1,"ml":10,"bm":0,"nm":"Stroke 1","hd":false},{"ty":"fl","c":{"a":0,"k":[0.219607844949,0.282352954149,0.615686297417,1]},"o":{"a":0,"k":100},"r":1,"bm":0,"nm":"Fill 1","hd":false},{"ty":"tr","p":{"a":0,"k":[0,0]},"a":{"a":0,"k":[0,0]},"s":{"a":0,"k":[100,100]},"r":{"a":0,"k":0},"o":{"a":0,"k":100},"sk":{"a":0,"k":0},"sa":{"a":0,"k":0},"nm":"Transform"}],"nm":"Group 2","bm":0,"hd":false},{"ty":"gr","it":[{"ind":0,"ty":"sh","ks":{"a":0,"k":{"i":[[-6.333,0.632],[-0.038,-5.662],[5.16,2.266],[-4.101,3.701]],"o":[[0,0],[0.038,5.662],[-5.16,-2.266],[4.101,-3.701]],"v":[[141.309,-161.522],[136.138,-150.188],[122.751,-140.076],[121.095,-152.068]],"c":true}},"nm":"Path 1","hd":false},{"ty":"st","c":{"a":0,"k":[0.160784319043,0.184313729405,0.439215689898,1]},"o":{"a":0,"k":100},"w":{"a":0,"k":1},"lc":1,"lj":1,"ml":10,"bm":0,"nm":"Stroke 1","hd":false},{"ty":"fl","c":{"a":0,"k":[0.219607844949,0.282352954149,0.615686297417,1]},"o":{"a":0,"k":100},"r":1,"bm":0,"nm":"Fill 1","hd":false},{"ty":"tr","p":{"a":0,"k":[0,0]},"a":{"a":0,"k":[0,0]},"s":{"a":0,"k":[100,100]},"r":{"a":0,"k":0},"o":{"a":0,"k":100},"sk":{"a":0,"k":0},"sa":{"a":0,"k":0},"nm":"Transform"}],"nm":"Group 3","bm":0,"hd":false},{"ty":"gr","it":[{"ind":0,"ty":"sh","ks":{"a":0,"k":{"i":[[-8.748,-1.16],[16.83,-3.86],[10.762,-8.503],[-7.137,0.471],[0,0]],"o":[[0,0],[0,0],[-10.762,8.503],[7.137,-0.471],[0,0]],"v":[[146.369,-176.918],[136.137,-159.724],[121.841,-151.989],[118.644,-159.911],[132.903,-172.652]],"c":true}},"nm":"Path 1","hd":false},{"ty":"st","c":{"a":0,"k":[0.160784319043,0.184313729405,0.439215689898,1]},"o":{"a":0,"k":100},"w":{"a":0,"k":1},"lc":1,"lj":1,"ml":10,"bm":0,"nm":"Stroke 1","hd":false},{"ty":"fl","c":{"a":0,"k":[0.219607844949,0.282352954149,0.615686297417,1]},"o":{"a":0,"k":100},"r":1,"bm":0,"nm":"Fill 1","hd":false},{"ty":"tr","p":{"a":0,"k":[0,0]},"a":{"a":0,"k":[0,0]},"s":{"a":0,"k":[100,100]},"r":{"a":0,"k":0},"o":{"a":0,"k":100},"sk":{"a":0,"k":0},"sa":{"a":0,"k":0},"nm":"Transform"}],"nm":"Group 4","bm":0,"hd":false},{"ty":"gr","it":[{"ind":0,"ty":"sh","ks":{"a":0,"k":{"i":[[-5.141,8.323],[-6.174,7.907],[0,0],[0.184,-7.418],[9.572,-14.214]],"o":[[0,0],[3.751,-4.804],[0,0],[-0.237,9.527],[-9.572,14.214]],"v":[[113.654,-169.749],[128.502,-179.169],[139.515,-184.417],[147.748,-180.883],[129.107,-167.706]],"c":true}},"nm":"Path 1","hd":false},{"ty":"st","c":{"a":0,"k":[0.160784319043,0.184313729405,0.439215689898,1]},"o":{"a":0,"k":100},"w":{"a":0,"k":1},"lc":1,"lj":1,"ml":10,"bm":0,"nm":"Stroke 1","hd":false},{"ty":"fl","c":{"a":0,"k":[0.219607844949,0.282352954149,0.615686297417,1]},"o":{"a":0,"k":100},"r":1,"bm":0,"nm":"Fill 1","hd":false},{"ty":"tr","p":{"a":0,"k":[0,0]},"a":{"a":0,"k":[0,0]},"s":{"a":0,"k":[100,100]},"r":{"a":0,"k":0},"o":{"a":0,"k":100},"sk":{"a":0,"k":0},"sa":{"a":0,"k":0},"nm":"Transform"}],"nm":"Group 5","bm":0,"hd":false},{"ty":"gr","it":[{"ind":0,"ty":"sh","ks":{"a":0,"k":{"i":[[-3.764,2.839],[-10.4,-2.102],[-8.003,3.598],[-0.492,1.222],[-0.93,-0.173],[1.215,-5.672],[3.896,-3.873],[6.63,-0.377]],"o":[[0,0],[10.4,2.102],[4.498,-2.023],[0.376,-0.933],[3.373,0.627],[-1.669,7.79],[-3.896,3.873],[-6.63,0.377]],"v":[[94.463,-184.855],[109.813,-190.905],[128.652,-191.376],[135.191,-196.458],[137.466,-197.7],[145.66,-189.476],[131.584,-182.279],[113.654,-169.749]],"c":true}},"nm":"Path 1","hd":false},{"ty":"st","c":{"a":0,"k":[0.160784319043,0.184313729405,0.439215689898,1]},"o":{"a":0,"k":100},"w":{"a":0,"k":1},"lc":1,"lj":1,"ml":10,"bm":0,"nm":"Stroke 1","hd":false},{"ty":"fl","c":{"a":0,"k":[0.219607844949,0.282352954149,0.615686297417,1]},"o":{"a":0,"k":100},"r":1,"bm":0,"nm":"Fill 1","hd":false},{"ty":"tr","p":{"a":0,"k":[0,0]},"a":{"a":0,"k":[0,0]},"s":{"a":0,"k":[100,100]},"r":{"a":0,"k":0},"o":{"a":0,"k":100},"sk":{"a":0,"k":0},"sa":{"a":0,"k":0},"nm":"Transform"}],"nm":"Group 6","bm":0,"hd":false},{"ty":"gr","it":[{"ind":0,"ty":"sh","ks":{"a":0,"k":{"i":[[9.996,7.078],[-14.153,0.641],[-7.512,1.963],[-15.819,-0.538],[0,0],[0,0],[0,0],[8.042,1.013],[16.154,4.747],[1.211,-9.545]],"o":[[0,0],[14.153,-0.641],[7.512,-1.963],[15.819,0.538],[0,0],[0,0],[0,0],[-8.042,-1.013],[-14.441,-4.244],[0,0]],"v":[[58.373,-191.987],[71.517,-209.727],[98.324,-206.349],[126.681,-218.778],[145.198,-196.565],[144.653,-192.27],[135.513,-195.361],[127.378,-209.962],[104.89,-197.279],[79.372,-189.342]],"c":true}},"nm":"Path 1","hd":false},{"ty":"st","c":{"a":0,"k":[0.160784319043,0.184313729405,0.439215689898,1]},"o":{"a":0,"k":100},"w":{"a":0,"k":1},"lc":1,"lj":1,"ml":10,"bm":0,"nm":"Stroke 1","hd":false},{"ty":"fl","c":{"a":0,"k":[0.219607844949,0.282352954149,0.615686297417,1]},"o":{"a":0,"k":100},"r":1,"bm":0,"nm":"Fill 1","hd":false},{"ty":"tr","p":{"a":0,"k":[0,0]},"a":{"a":0,"k":[0,0]},"s":{"a":0,"k":[100,100]},"r":{"a":0,"k":0},"o":{"a":0,"k":100},"sk":{"a":0,"k":0},"sa":{"a":0,"k":0},"nm":"Transform"}],"nm":"Group 7","bm":0,"hd":false},{"ty":"gr","it":[{"ind":0,"ty":"sh","ks":{"a":0,"k":{"i":[[0,0],[-6.523,-5.832],[15.416,1.457]],"o":[[0,0],[6.523,5.832],[-15.416,-1.457]],"v":[[144.297,-200.859],[156.899,-198.161],[148.351,-175.964]],"c":true}},"nm":"Path 1","hd":false},{"ty":"st","c":{"a":0,"k":[0.160784319043,0.184313729405,0.439215689898,1]},"o":{"a":0,"k":100},"w":{"a":0,"k":1},"lc":1,"lj":1,"ml":10,"bm":0,"nm":"Stroke 1","hd":false},{"ty":"fl","c":{"a":0,"k":[0.219607844949,0.282352954149,0.615686297417,1]},"o":{"a":0,"k":100},"r":1,"bm":0,"nm":"Fill 1","hd":false},{"ty":"tr","p":{"a":0,"k":[0,0]},"a":{"a":0,"k":[0,0]},"s":{"a":0,"k":[100,100]},"r":{"a":0,"k":0},"o":{"a":0,"k":100},"sk":{"a":0,"k":0},"sa":{"a":0,"k":0},"nm":"Transform"}],"nm":"Group 8","bm":0,"hd":false},{"ty":"gr","it":[{"ind":0,"ty":"sh","ks":{"a":0,"k":{"i":[[0.54,-4.261],[3.989,0.503],[-0.54,4.261],[-3.989,-0.503]],"o":[[-0.54,4.261],[-3.989,-0.503],[0.54,-4.261],[3.989,0.503]],"v":[[173.512,-177.637],[165.31,-170.831],[159.066,-179.457],[167.268,-186.262]],"c":true}},"nm":"Path 1","hd":false},{"ty":"st","c":{"a":0,"k":[0.160784319043,0.184313729405,0.439215689898,1]},"o":{"a":0,"k":100},"w":{"a":0,"k":1},"lc":1,"lj":1,"ml":10,"bm":0,"nm":"Stroke 1","hd":false},{"ty":"fl","c":{"a":0,"k":[0.219607844949,0.282352954149,0.615686297417,1]},"o":{"a":0,"k":100},"r":1,"bm":0,"nm":"Fill 1","hd":false},{"ty":"tr","p":{"a":0,"k":[0,0]},"a":{"a":0,"k":[0,0]},"s":{"a":0,"k":[100,100]},"r":{"a":0,"k":0},"o":{"a":0,"k":100},"sk":{"a":0,"k":0},"sa":{"a":0,"k":0},"nm":"Transform"}],"nm":"Group 9","bm":0,"hd":false},{"ty":"gr","it":[{"ind":0,"ty":"sh","ks":{"a":0,"k":{"i":[[-8.1,3.02],[-7.474,-1.911],[-6.86,3.984],[13.924,3.543],[12.442,-2.306],[11.321,-0.878],[0,0]],"o":[[0,0],[7.474,1.911],[6.86,-3.984],[-10.281,-2.616],[-8.292,1.537],[-11.493,0.892],[0,0]],"v":[[93.625,-186.217],[109.358,-192.155],[126.698,-192.879],[126.633,-211.195],[108.184,-199.006],[86.292,-201.764],[76.049,-190.4]],"c":true}},"nm":"Path 1","hd":false},{"ty":"st","c":{"a":0,"k":[0.160784319043,0.184313729405,0.439215689898,1]},"o":{"a":0,"k":100},"w":{"a":0,"k":1},"lc":1,"lj":1,"ml":10,"bm":0,"nm":"Stroke 1","hd":false},{"ty":"fl","c":{"a":0,"k":[0.219607844949,0.282352954149,0.615686297417,1]},"o":{"a":0,"k":100},"r":1,"bm":0,"nm":"Fill 1","hd":false},{"ty":"tr","p":{"a":0,"k":[0,0]},"a":{"a":0,"k":[0,0]},"s":{"a":0,"k":[100,100]},"r":{"a":0,"k":0},"o":{"a":0,"k":100},"sk":{"a":0,"k":0},"sa":{"a":0,"k":0},"nm":"Transform"}],"nm":"Group 10","bm":0,"hd":false}],"ip":0,"op":6000,"st":0,"bm":0},{"ddd":0,"ind":5,"ty":4,"nm":"Hand_02","parent":6,"sr":1,"ks":{"r":{"a":1,"k":[{"i":{"x":[0.667],"y":[1]},"o":{"x":[0.333],"y":[0]},"t":0,"s":[131]},{"i":{"x":[0.667],"y":[1]},"o":{"x":[0.333],"y":[0]},"t":14,"s":[54]},{"i":{"x":[0.667],"y":[1]},"o":{"x":[0.333],"y":[0]},"t":28,"s":[131]},{"i":{"x":[0.667],"y":[1]},"o":{"x":[0.333],"y":[0]},"t":38,"s":[54]},{"i":{"x":[0.667],"y":[1]},"o":{"x":[0.333],"y":[0]},"t":48,"s":[28.1]},{"i":{"x":[0.667],"y":[1]},"o":{"x":[0.333],"y":[0]},"t":76,"s":[28.1]},{"i":{"x":[0.667],"y":[1]},"o":{"x":[0.167],"y":[0]},"t":91,"s":[54]},{"i":{"x":[0.667],"y":[1]},"o":{"x":[0.333],"y":[0]},"t":101,"s":[131]},{"i":{"x":[0.667],"y":[1]},"o":{"x":[0.333],"y":[0]},"t":115,"s":[54]},{"t":129,"s":[131]}]},"p":{"a":0,"k":[101.488,-21.291,0]},"a":{"a":0,"k":[101.488,-21.291,0]}},"ao":0,"shapes":[{"ty":"gr","it":[{"ind":0,"ty":"sh","ks":{"a":0,"k":{"i":[[0,0],[0.656,-10.191]],"o":[[0,0],[0,0]],"v":[[193.515,-28.153],[190.656,-14.596]],"c":false}},"nm":"Path 1","hd":false},{"ty":"st","c":{"a":0,"k":[0.043137256056,0.403921574354,0.270588248968,1]},"o":{"a":0,"k":100},"w":{"a":0,"k":1},"lc":1,"lj":1,"ml":10,"bm":0,"nm":"Stroke 1","hd":false},{"ty":"fl","c":{"a":0,"k":[0.498039215803,0.792156875134,0.674509823322,1]},"o":{"a":0,"k":100},"r":1,"bm":0,"nm":"Fill 1","hd":false},{"ty":"tr","p":{"a":0,"k":[0,0]},"a":{"a":0,"k":[0,0]},"s":{"a":0,"k":[100,100]},"r":{"a":0,"k":0},"o":{"a":0,"k":100},"sk":{"a":0,"k":0},"sa":{"a":0,"k":0},"nm":"Transform"}],"nm":"Group 1","bm":0,"hd":false},{"ty":"gr","it":[{"ind":0,"ty":"sh","ks":{"a":0,"k":{"i":[[0,0],[0,0]],"o":[[0,0],[0,0]],"v":[[226.813,-0.055],[214.221,-0.055]],"c":false}},"nm":"Path 1","hd":false},{"ty":"st","c":{"a":0,"k":[0.043137256056,0.403921574354,0.270588248968,1]},"o":{"a":0,"k":100},"w":{"a":0,"k":1},"lc":1,"lj":1,"ml":10,"bm":0,"nm":"Stroke 1","hd":false},{"ty":"fl","c":{"a":0,"k":[0.498039215803,0.792156875134,0.674509823322,1]},"o":{"a":0,"k":100},"r":1,"bm":0,"nm":"Fill 1","hd":false},{"ty":"tr","p":{"a":0,"k":[0,0]},"a":{"a":0,"k":[0,0]},"s":{"a":0,"k":[100,100]},"r":{"a":0,"k":0},"o":{"a":0,"k":100},"sk":{"a":0,"k":0},"sa":{"a":0,"k":0},"nm":"Transform"}],"nm":"Group 2","bm":0,"hd":false},{"ty":"gr","it":[{"ind":0,"ty":"sh","ks":{"a":0,"k":{"i":[[0,0],[2.077,6.132]],"o":[[0,0],[0,0]],"v":[[203.877,8.215],[192.809,0.917]],"c":false}},"nm":"Path 1","hd":false},{"ty":"st","c":{"a":0,"k":[0.043137256056,0.403921574354,0.270588248968,1]},"o":{"a":0,"k":100},"w":{"a":0,"k":1},"lc":1,"lj":1,"ml":10,"bm":0,"nm":"Stroke 1","hd":false},{"ty":"fl","c":{"a":0,"k":[0.498039215803,0.792156875134,0.674509823322,1]},"o":{"a":0,"k":100},"r":1,"bm":0,"nm":"Fill 1","hd":false},{"ty":"tr","p":{"a":0,"k":[0,0]},"a":{"a":0,"k":[0,0]},"s":{"a":0,"k":[100,100]},"r":{"a":0,"k":0},"o":{"a":0,"k":100},"sk":{"a":0,"k":0},"sa":{"a":0,"k":0},"nm":"Transform"}],"nm":"Group 3","bm":0,"hd":false},{"ty":"gr","it":[{"ind":0,"ty":"sh","ks":{"a":0,"k":{"i":[[0,0],[-15.475,5.646],[0,0],[-12.933,-1.631],[0,0],[14.649,-9.199],[-9.975,-1.243],[3.81,-3.381],[3.144,-0.546],[2.717,-8.595],[0,0],[0,0],[5.091,-0.524],[14.042,-1.456],[-0.005,3.309],[-14.75,4.492]],"o":[[0,0],[0,0],[0,0],[11.843,1.494],[0,0],[0,0],[9.975,1.243],[-3.81,3.381],[0,0],[-2.717,8.595],[0,0],[0,0],[0,0],[-14.042,1.456],[0.005,-3.309],[0,0]],"v":[[171.008,-7.588],[188.74,-33.424],[192.782,-26.621],[210.912,-39.955],[218.775,-26.06],[203.415,-12.176],[230.211,-18.931],[238.531,-5.348],[225.962,0.107],[235.341,11.299],[213.01,12.482],[203.877,8.215],[191.59,7.136],[179.139,18.812],[161.648,11.898],[186.356,-4.063]],"c":true}},"nm":"Path 1","hd":false},{"ty":"st","c":{"a":0,"k":[0.043137256056,0.403921574354,0.270588248968,1]},"o":{"a":0,"k":100},"w":{"a":0,"k":1},"lc":1,"lj":1,"ml":10,"bm":0,"nm":"Stroke 1","hd":false},{"ty":"fl","c":{"a":0,"k":[0.498039215803,0.792156875134,0.674509823322,1]},"o":{"a":0,"k":100},"r":1,"bm":0,"nm":"Fill 1","hd":false},{"ty":"tr","p":{"a":0,"k":[0,0]},"a":{"a":0,"k":[0,0]},"s":{"a":0,"k":[100,100]},"r":{"a":0,"k":0},"o":{"a":0,"k":100},"sk":{"a":0,"k":0},"sa":{"a":0,"k":0},"nm":"Transform"}],"nm":"Group 4","bm":0,"hd":false},{"ty":"gr","it":[{"ind":0,"ty":"sh","ks":{"a":0,"k":{"i":[[-10.757,-15.603],[-44.287,-15.964],[0,0],[51.657,-24.661]],"o":[[0,0],[0,0],[0,0],[0,0]],"v":[[95.798,-8.148],[174.49,-13.662],[184.237,-25.958],[98.743,-32.081]],"c":true}},"nm":"Path 1","hd":false},{"ty":"st","c":{"a":0,"k":[0.070588238537,0.290196090937,0.427450984716,1]},"o":{"a":0,"k":100},"w":{"a":0,"k":1},"lc":1,"lj":1,"ml":10,"bm":0,"nm":"Stroke 1","hd":false},{"ty":"fl","c":{"a":0,"k":[0.396078437567,0.623529434204,0.835294127464,1]},"o":{"a":0,"k":100},"r":1,"bm":0,"nm":"Fill 1","hd":false},{"ty":"tr","p":{"a":0,"k":[0,0]},"a":{"a":0,"k":[0,0]},"s":{"a":0,"k":[100,100]},"r":{"a":0,"k":0},"o":{"a":0,"k":100},"sk":{"a":0,"k":0},"sa":{"a":0,"k":0},"nm":"Transform"}],"nm":"Group 5","bm":0,"hd":false}],"ip":0,"op":6000,"st":0,"bm":0},{"ddd":0,"ind":6,"ty":4,"nm":"Body","parent":1,"sr":1,"ks":{"r":{"a":1,"k":[{"i":{"x":[0.667],"y":[1]},"o":{"x":[0.333],"y":[0]},"t":38,"s":[0]},{"i":{"x":[0.667],"y":[1]},"o":{"x":[0.333],"y":[0]},"t":48,"s":[-8.1]},{"i":{"x":[0.667],"y":[1]},"o":{"x":[0.333],"y":[0]},"t":53,"s":[0]},{"i":{"x":[0.667],"y":[1]},"o":{"x":[0.333],"y":[0]},"t":65,"s":[0]},{"i":{"x":[0.667],"y":[1]},"o":{"x":[0.333],"y":[0]},"t":76,"s":[-20]},{"i":{"x":[0.667],"y":[1]},"o":{"x":[0.333],"y":[0]},"t":81,"s":[-8.1]},{"t":91,"s":[0]}]},"p":{"a":1,"k":[{"i":{"x":0.667,"y":1},"o":{"x":0.167,"y":0.167},"t":0,"s":[47.772,185.677,0],"to":[0,0.61,0],"ti":[0,0,0]},{"i":{"x":0.667,"y":1},"o":{"x":0.333,"y":0},"t":14,"s":[47.772,189.336,0],"to":[0,0,0],"ti":[0,0.61,0]},{"i":{"x":0.667,"y":0.667},"o":{"x":0.333,"y":0.333},"t":28,"s":[47.772,185.677,0],"to":[0,0,0],"ti":[0,0,0]},{"i":{"x":0.667,"y":1},"o":{"x":0.333,"y":0},"t":38,"s":[47.772,185.677,0],"to":[0,1.423,0],"ti":[0,0,0]},{"i":{"x":0.667,"y":1},"o":{"x":0.333,"y":0},"t":48,"s":[47.772,194.214,0],"to":[0,0,0],"ti":[0,1.423,0]},{"i":{"x":0.667,"y":1},"o":{"x":0.333,"y":0},"t":53,"s":[47.772,185.677,0],"to":[0,-1.423,0],"ti":[0,1.423,0]},{"i":{"x":0.667,"y":1},"o":{"x":0.333,"y":0},"t":76,"s":[47.772,185.677,0],"to":[0,-1.423,0],"ti":[0,0,0]},{"i":{"x":0.667,"y":1},"o":{"x":0.333,"y":0},"t":81,"s":[47.772,194.214,0],"to":[0,0,0],"ti":[0,0,0]},{"i":{"x":0.833,"y":0.833},"o":{"x":0.333,"y":0},"t":91,"s":[47.772,185.677,0],"to":[0,1.423,0],"ti":[0,-0.61,0]},{"i":{"x":0.667,"y":1},"o":{"x":0.167,"y":0.167},"t":101,"s":[47.772,185.677,0],"to":[0,0.61,0],"ti":[0,0,0]},{"i":{"x":0.667,"y":1},"o":{"x":0.333,"y":0},"t":115,"s":[47.772,189.336,0],"to":[0,0,0],"ti":[0,0.61,0]},{"t":129,"s":[47.772,185.677,0]}]},"a":{"a":0,"k":[11.772,102.97,0]},"s":{"a":1,"k":[{"i":{"x":[0.667,0.667,0.667],"y":[1,1,1]},"o":{"x":[0.333,0.333,0.333],"y":[0,0,0]},"t":38,"s":[100,100,100]},{"i":{"x":[0.833,0.833,0.833],"y":[1,1,1]},"o":{"x":[0.333,0.333,0.333],"y":[0,0,0]},"t":48,"s":[100,93,100]},{"i":{"x":[0.833,0.833,0.833],"y":[1,1,1]},"o":{"x":[0.167,0.167,0.167],"y":[0,0,0]},"t":53,"s":[100,105,100]},{"i":{"x":[0.667,0.667,0.667],"y":[1,1,1]},"o":{"x":[0.167,0.167,0.167],"y":[0,0,0]},"t":76,"s":[100,105,100]},{"i":{"x":[0.667,0.667,0.667],"y":[1,1,1]},"o":{"x":[0.333,0.333,0.333],"y":[0,0,0]},"t":81,"s":[100,93,100]},{"t":91,"s":[100,100,100]}]}},"ao":0,"shapes":[{"ty":"gr","it":[{"ty":"gr","it":[{"ind":0,"ty":"sh","ks":{"a":1,"k":[{"i":{"x":0.667,"y":1},"o":{"x":0.167,"y":0.167},"t":38,"s":[{"i":[[5.898,-13.527],[-9.428,-3.455],[5.929,-12.743],[9.868,4.302]],"o":[[7.516,-15.608],[9.868,4.302],[5.898,-13.527],[-9.868,-4.302]],"v":[[6.484,-95.3],[35.014,-111.951],[42.218,-79.721],[35.029,-112.003]],"c":true}]},{"i":{"x":0.833,"y":0.833},"o":{"x":0.333,"y":0},"t":43,"s":[{"i":[[5.898,-13.527],[-9.868,-4.302],[-5.898,13.527],[9.868,4.302]],"o":[[-5.898,13.527],[9.868,4.302],[5.898,-13.527],[-9.868,-4.302]],"v":[[6.484,-95.3],[13.672,-63.018],[42.218,-79.721],[35.029,-112.003]],"c":true}]},{"i":{"x":0.833,"y":0.833},"o":{"x":0.167,"y":0.167},"t":48,"s":[{"i":[[5.898,-13.527],[-9.428,-3.455],[5.929,-12.743],[9.868,4.302]],"o":[[7.516,-15.608],[9.868,4.302],[5.898,-13.527],[-9.868,-4.302]],"v":[[6.484,-95.3],[35.014,-111.951],[42.218,-79.721],[35.029,-112.003]],"c":true}]},{"t":91,"s":[{"i":[[5.898,-13.527],[-9.428,-3.455],[5.929,-12.743],[9.868,4.302]],"o":[[7.516,-15.608],[9.868,4.302],[5.898,-13.527],[-9.868,-4.302]],"v":[[6.484,-95.3],[35.014,-111.951],[42.218,-79.721],[35.029,-112.003]],"c":true}]}]},"nm":"Path 1","hd":false},{"ty":"st","c":{"a":0,"k":[0.105882354081,0.392156869173,0.584313750267,1]},"o":{"a":0,"k":100},"w":{"a":0,"k":0.5},"lc":1,"lj":1,"ml":10,"bm":0,"nm":"Stroke 1","hd":false},{"ty":"fl","c":{"a":0,"k":[0.156862750649,0.494117647409,0.717647075653,1]},"o":{"a":0,"k":100},"r":1,"bm":0,"nm":"Fill 1","hd":false},{"ty":"tr","p":{"a":0,"k":[0,0]},"a":{"a":0,"k":[0,0]},"s":{"a":0,"k":[100,100]},"r":{"a":0,"k":0},"o":{"a":0,"k":100},"sk":{"a":0,"k":0},"sa":{"a":0,"k":0},"nm":"Transform"}],"nm":"Group 1","bm":0,"hd":false},{"ty":"gr","it":[{"ind":0,"ty":"sh","ks":{"a":1,"k":[{"i":{"x":0.667,"y":1},"o":{"x":0.167,"y":0.167},"t":38,"s":[{"i":[[5.898,-13.527],[-9.851,-4.295],[0.098,-6.814],[9.851,4.295]],"o":[[5.13,-12.908],[9.851,4.295],[0.402,-6.509],[-9.851,-4.295]],"v":[[-27.106,-107.452],[1.394,-124.192],[11.463,-103.332],[1.409,-124.168]],"c":true}]},{"i":{"x":0.833,"y":0.833},"o":{"x":0.333,"y":0},"t":43,"s":[{"i":[[5.898,-13.527],[-9.851,-4.295],[-5.898,13.527],[9.851,4.295]],"o":[[-5.898,13.527],[9.851,4.295],[5.898,-13.527],[-9.851,-4.295]],"v":[[-27.106,-107.452],[-19.948,-75.183],[8.567,-91.899],[1.409,-124.168]],"c":true}]},{"i":{"x":0.833,"y":0.833},"o":{"x":0.167,"y":0.167},"t":48,"s":[{"i":[[5.898,-13.527],[-9.851,-4.295],[0.098,-6.814],[9.851,4.295]],"o":[[5.13,-12.908],[9.851,4.295],[0.402,-6.509],[-9.851,-4.295]],"v":[[-27.106,-107.452],[1.394,-124.192],[11.463,-103.332],[1.409,-124.168]],"c":true}]},{"t":91,"s":[{"i":[[5.898,-13.527],[-9.851,-4.295],[0.098,-6.814],[9.851,4.295]],"o":[[5.13,-12.908],[9.851,4.295],[0.402,-6.509],[-9.851,-4.295]],"v":[[-27.106,-107.452],[1.394,-124.192],[11.463,-103.332],[1.409,-124.168]],"c":true}]}]},"nm":"Path 1","hd":false},{"ty":"st","c":{"a":0,"k":[0.105882354081,0.392156869173,0.584313750267,1]},"o":{"a":0,"k":100},"w":{"a":0,"k":0.5},"lc":1,"lj":1,"ml":10,"bm":0,"nm":"Stroke 1","hd":false},{"ty":"fl","c":{"a":0,"k":[0.156862750649,0.494117647409,0.717647075653,1]},"o":{"a":0,"k":100},"r":1,"bm":0,"nm":"Fill 1","hd":false},{"ty":"tr","p":{"a":0,"k":[0,0]},"a":{"a":0,"k":[0,0]},"s":{"a":0,"k":[100,100]},"r":{"a":0,"k":0},"o":{"a":0,"k":100},"sk":{"a":0,"k":0},"sa":{"a":0,"k":0},"nm":"Transform"}],"nm":"Group 2","bm":0,"hd":false},{"ty":"tr","p":{"a":0,"k":[0,0]},"a":{"a":0,"k":[0,0]},"s":{"a":0,"k":[100,100]},"r":{"a":0,"k":0},"o":{"a":0,"k":100},"sk":{"a":0,"k":0},"sa":{"a":0,"k":0},"nm":"Transform"}],"nm":"Eyelid","bm":0,"hd":false},{"ty":"gr","it":[{"ty":"gr","it":[{"ty":"gr","it":[{"ind":0,"ty":"sh","ks":{"a":0,"k":{"i":[[1.504,0.293],[-0.279,1.578],[-1.504,-0.293],[0.279,-1.578]],"o":[[-1.504,-0.293],[0.279,-1.578],[1.504,0.293],[-0.279,1.578]],"v":[[23.711,-92.607],[21.494,-95.996],[24.723,-98.323],[26.941,-94.934]],"c":true}},"nm":"Path 1","hd":false},{"ty":"fl","c":{"a":0,"k":[1,0.992156863213,0.952941179276,1]},"o":{"a":0,"k":100},"r":1,"bm":0,"nm":"Fill 1","hd":false},{"ty":"tr","p":{"a":0,"k":[0,0]},"a":{"a":0,"k":[0,0]},"s":{"a":0,"k":[100,100]},"r":{"a":0,"k":0},"o":{"a":0,"k":100},"sk":{"a":0,"k":0},"sa":{"a":0,"k":0},"nm":"Transform"}],"nm":"Group 1","bm":0,"hd":false},{"ty":"gr","it":[{"ind":0,"ty":"sh","ks":{"a":0,"k":{"i":[[1.83,-5.396],[5.142,1.92],[-1.83,5.396],[-5.142,-1.92]],"o":[[-1.83,5.396],[-5.142,-1.92],[1.83,-5.396],[5.142,1.92]],"v":[[24.502,-87.255],[11.878,-80.961],[5.881,-94.208],[18.505,-100.502]],"c":true}},"nm":"Path 1","hd":false},{"ty":"fl","c":{"a":0,"k":[0,0,0,1]},"o":{"a":0,"k":100},"r":1,"bm":0,"nm":"Fill 1","hd":false},{"ty":"tr","p":{"a":0,"k":[0,0]},"a":{"a":0,"k":[0,0]},"s":{"a":0,"k":[100,100]},"r":{"a":0,"k":0},"o":{"a":0,"k":100},"sk":{"a":0,"k":0},"sa":{"a":0,"k":0},"nm":"Transform"}],"nm":"Group 2","bm":0,"hd":false},{"ty":"tr","p":{"a":0,"k":[0,0]},"a":{"a":0,"k":[0,0]},"s":{"a":0,"k":[100,100]},"r":{"a":0,"k":0},"o":{"a":0,"k":100},"sk":{"a":0,"k":0},"sa":{"a":0,"k":0},"nm":"Transform"}],"nm":"Group 1","bm":0,"hd":false},{"ty":"gr","it":[{"ind":0,"ty":"sh","ks":{"a":0,"k":{"i":[[5.898,-13.527],[-9.868,-4.302],[-5.898,13.527],[9.868,4.302]],"o":[[-5.898,13.527],[9.868,4.302],[5.898,-13.527],[-9.868,-4.302]],"v":[[6.484,-95.3],[13.672,-63.018],[42.218,-79.721],[35.029,-112.003]],"c":true}},"nm":"Path 1","hd":false},{"ty":"st","c":{"a":0,"k":[0.129411771894,0.113725490868,0.058823529631,1]},"o":{"a":0,"k":100},"w":{"a":0,"k":0.75},"lc":1,"lj":1,"ml":10,"bm":0,"nm":"Stroke 1","hd":false},{"ty":"fl","c":{"a":0,"k":[1,0.992156863213,0.952941179276,1]},"o":{"a":0,"k":100},"r":1,"bm":0,"nm":"Fill 1","hd":false},{"ty":"tr","p":{"a":0,"k":[0,0]},"a":{"a":0,"k":[0,0]},"s":{"a":0,"k":[100,100]},"r":{"a":0,"k":0},"o":{"a":0,"k":100},"sk":{"a":0,"k":0},"sa":{"a":0,"k":0},"nm":"Transform"}],"nm":"Group 2","bm":0,"hd":false},{"ty":"gr","it":[{"ty":"gr","it":[{"ind":0,"ty":"sh","ks":{"a":0,"k":{"i":[[1.382,0.257],[-0.257,1.382],[-1.382,-0.257],[0.257,-1.382]],"o":[[-1.382,-0.257],[0.257,-1.382],[1.382,0.257],[-0.257,1.382]],"v":[[-11.009,-105.364],[-13.046,-108.33],[-10.08,-110.367],[-8.043,-107.401]],"c":true}},"nm":"Path 1","hd":false},{"ty":"fl","c":{"a":0,"k":[1,0.992156863213,0.952941179276,1]},"o":{"a":0,"k":100},"r":1,"bm":0,"nm":"Fill 1","hd":false},{"ty":"tr","p":{"a":0,"k":[0,0]},"a":{"a":0,"k":[0,0]},"s":{"a":0,"k":[100,100]},"r":{"a":0,"k":0},"o":{"a":0,"k":100},"sk":{"a":0,"k":0},"sa":{"a":0,"k":0},"nm":"Transform"}],"nm":"Group 1","bm":0,"hd":false},{"ty":"gr","it":[{"ind":0,"ty":"sh","ks":{"a":0,"k":{"i":[[1.681,-4.723],[4.723,1.681],[-1.681,4.723],[-4.723,-1.681]],"o":[[-1.681,4.723],[-4.723,-1.681],[1.681,-4.723],[4.723,1.681]],"v":[[-10.283,-100.68],[-21.877,-95.171],[-27.386,-106.765],[-15.791,-112.274]],"c":true}},"nm":"Path 1","hd":false},{"ty":"fl","c":{"a":0,"k":[0,0,0,1]},"o":{"a":0,"k":100},"r":1,"bm":0,"nm":"Fill 1","hd":false},{"ty":"tr","p":{"a":0,"k":[0,0]},"a":{"a":0,"k":[0,0]},"s":{"a":0,"k":[100,100]},"r":{"a":0,"k":0},"o":{"a":0,"k":100},"sk":{"a":0,"k":0},"sa":{"a":0,"k":0},"nm":"Transform"}],"nm":"Group 2","bm":0,"hd":false},{"ty":"tr","p":{"a":0,"k":[0,0]},"a":{"a":0,"k":[0,0]},"s":{"a":0,"k":[100,100]},"r":{"a":0,"k":0},"o":{"a":0,"k":100},"sk":{"a":0,"k":0},"sa":{"a":0,"k":0},"nm":"Transform"}],"nm":"Group 3","bm":0,"hd":false},{"ty":"gr","it":[{"ind":0,"ty":"sh","ks":{"a":0,"k":{"i":[[5.898,-13.527],[-9.851,-4.295],[-5.898,13.527],[9.851,4.295]],"o":[[-5.898,13.527],[9.851,4.295],[5.898,-13.527],[-9.851,-4.295]],"v":[[-27.106,-107.452],[-19.948,-75.183],[8.567,-91.899],[1.409,-124.168]],"c":true}},"nm":"Path 1","hd":false},{"ty":"st","c":{"a":0,"k":[0.129411771894,0.113725490868,0.058823529631,1]},"o":{"a":0,"k":100},"w":{"a":0,"k":0.75},"lc":1,"lj":1,"ml":10,"bm":0,"nm":"Stroke 1","hd":false},{"ty":"fl","c":{"a":0,"k":[1,0.992156863213,0.952941179276,1]},"o":{"a":0,"k":100},"r":1,"bm":0,"nm":"Fill 1","hd":false},{"ty":"tr","p":{"a":0,"k":[0,0]},"a":{"a":0,"k":[0,0]},"s":{"a":0,"k":[100,100]},"r":{"a":0,"k":0},"o":{"a":0,"k":100},"sk":{"a":0,"k":0},"sa":{"a":0,"k":0},"nm":"Transform"}],"nm":"Group 4","bm":0,"hd":false},{"ty":"gr","it":[{"ind":0,"ty":"sh","ks":{"a":0,"k":{"i":[[0,0],[0,0],[0,0],[0,0]],"o":[[0,0],[0,0],[0,0],[0,0]],"v":[[36.566,-130.668],[46.516,-138.131],[53.772,-114.292],[49.211,-112.426]],"c":true}},"nm":"Path 1","hd":false},{"ty":"st","c":{"a":0,"k":[0.1254902035,0.113725490868,0.058823529631,1]},"o":{"a":0,"k":100},"w":{"a":0,"k":0.75},"lc":1,"lj":1,"ml":10,"bm":0,"nm":"Stroke 1","hd":false},{"ty":"fl","c":{"a":0,"k":[0.207843139768,0.203921571374,0.192156866193,1]},"o":{"a":0,"k":100},"r":1,"bm":0,"nm":"Fill 1","hd":false},{"ty":"tr","p":{"a":0,"k":[0,0]},"a":{"a":0,"k":[0,0]},"s":{"a":0,"k":[100,100]},"r":{"a":0,"k":0},"o":{"a":0,"k":100},"sk":{"a":0,"k":0},"sa":{"a":0,"k":0},"nm":"Transform"}],"nm":"Group 5","bm":0,"hd":false},{"ty":"gr","it":[{"ind":0,"ty":"sh","ks":{"a":0,"k":{"i":[[0,0],[0,0],[0,0],[0,0]],"o":[[0,0],[0,0],[0,0],[0,0]],"v":[[-6.22,-135.209],[23.008,-136.392],[26.046,-148.205],[-5.278,-141.952]],"c":true}},"nm":"Path 1","hd":false},{"ty":"st","c":{"a":0,"k":[0.1254902035,0.113725490868,0.058823529631,1]},"o":{"a":0,"k":100},"w":{"a":0,"k":0.75},"lc":1,"lj":1,"ml":10,"bm":0,"nm":"Stroke 1","hd":false},{"ty":"fl","c":{"a":0,"k":[0.207843139768,0.203921571374,0.192156866193,1]},"o":{"a":0,"k":100},"r":1,"bm":0,"nm":"Fill 1","hd":false},{"ty":"tr","p":{"a":0,"k":[0,0]},"a":{"a":0,"k":[0,0]},"s":{"a":0,"k":[100,100]},"r":{"a":0,"k":0},"o":{"a":0,"k":100},"sk":{"a":0,"k":0},"sa":{"a":0,"k":0},"nm":"Transform"}],"nm":"Group 6","bm":0,"hd":false},{"ty":"tr","p":{"a":0,"k":[11.855,-105.004]},"a":{"a":0,"k":[11.855,-105.004]},"s":{"a":0,"k":[100,100]},"r":{"a":0,"k":0},"o":{"a":0,"k":100},"sk":{"a":0,"k":0},"sa":{"a":0,"k":0},"nm":"Transform"}],"nm":"Group 1","bm":0,"hd":false},{"ty":"gr","it":[{"ty":"gr","it":[{"ind":0,"ty":"sh","ks":{"a":0,"k":{"i":[[1.352,0.265],[23.809,5.172],[-10.259,1.037],[0,0],[-3.464,6.976]],"o":[[0,0],[0,0],[8.147,-0.824],[0,0],[0,0]],"v":[[12.66,-0.184],[-19.07,14.97],[-8.484,19.413],[3.471,15.626],[15.874,2.212]],"c":true}},"nm":"Path 1","hd":false},{"ty":"fl","c":{"a":0,"k":[0.780392169952,0.411764711142,0.411764711142,1]},"o":{"a":0,"k":100},"r":1,"bm":0,"nm":"Fill 1","hd":false},{"ty":"tr","p":{"a":0,"k":[0,0]},"a":{"a":0,"k":[0,0]},"s":{"a":0,"k":[100,100]},"r":{"a":0,"k":0},"o":{"a":0,"k":100},"sk":{"a":0,"k":0},"sa":{"a":0,"k":0},"nm":"Transform"}],"nm":"Group 1","bm":0,"hd":false},{"ty":"gr","it":[{"ind":0,"ty":"sh","ks":{"a":0,"k":{"i":[[4.285,-5.559],[-4.659,0.221],[-3.846,-3.859],[0,0],[5.336,0.456]],"o":[[0,0],[4.486,-0.213],[0,0],[0,0],[-3.415,-0.292]],"v":[[-5.114,2.069],[2.817,-1.891],[15.874,2.212],[16.582,1.014],[7.145,-3.031]],"c":true}},"nm":"Path 1","hd":false},{"ty":"fl","c":{"a":0,"k":[0.803921580315,0.274509817362,0.321568638086,1]},"o":{"a":0,"k":100},"r":1,"bm":0,"nm":"Fill 1","hd":false},{"ty":"tr","p":{"a":0,"k":[0,0]},"a":{"a":0,"k":[0,0]},"s":{"a":0,"k":[100,100]},"r":{"a":0,"k":0},"o":{"a":0,"k":100},"sk":{"a":0,"k":0},"sa":{"a":0,"k":0},"nm":"Transform"}],"nm":"Group 2","bm":0,"hd":false},{"ty":"gr","it":[{"ind":0,"ty":"sh","ks":{"a":0,"k":{"i":[[0,0],[-9.823,-4.462],[8.631,-0.713]],"o":[[0,0],[0,0],[-8.01,0.662]],"v":[[-17.837,-0.238],[-0.837,-1.34],[-11.37,-4.245]],"c":true}},"nm":"Path 1","hd":false},{"ty":"fl","c":{"a":0,"k":[0.803921580315,0.274509817362,0.321568638086,1]},"o":{"a":0,"k":100},"r":1,"bm":0,"nm":"Fill 1","hd":false},{"ty":"tr","p":{"a":0,"k":[0,0]},"a":{"a":0,"k":[0,0]},"s":{"a":0,"k":[100,100]},"r":{"a":0,"k":0},"o":{"a":0,"k":100},"sk":{"a":0,"k":0},"sa":{"a":0,"k":0},"nm":"Transform"}],"nm":"Group 3","bm":0,"hd":false},{"ty":"gr","it":[{"ind":0,"ty":"sh","ks":{"a":0,"k":{"i":[[0.559,2.075],[-9.207,-4.567],[-5.338,-6.622],[13.537,-1.887],[-0.525,3.168]],"o":[[0,0],[0,0],[0,0],[-12.708,1.771],[0.525,-3.168]],"v":[[-17.837,-0.238],[-0.837,-1.34],[15.874,2.212],[-6.158,18.957],[-19.053,12.515]],"c":true}},"nm":"Path 1","hd":false},{"ty":"fl","c":{"a":0,"k":[0.96862745285,0.666666686535,0.674509823322,1]},"o":{"a":0,"k":100},"r":1,"bm":0,"nm":"Fill 1","hd":false},{"ty":"tr","p":{"a":0,"k":[0,0]},"a":{"a":0,"k":[0,0]},"s":{"a":0,"k":[100,100]},"r":{"a":0,"k":0},"o":{"a":0,"k":100},"sk":{"a":0,"k":0},"sa":{"a":0,"k":0},"nm":"Transform"}],"nm":"Group 4","bm":0,"hd":false},{"ty":"gr","it":[{"ind":0,"ty":"sh","ks":{"a":0,"k":{"i":[[0,0],[-3.613,-9.36]],"o":[[0,0],[0,0]],"v":[[40.78,-55.514],[49.812,-45.661]],"c":false}},"nm":"Path 1","hd":false},{"ty":"st","c":{"a":0,"k":[0.1254902035,0.113725490868,0.058823529631,1]},"o":{"a":0,"k":100},"w":{"a":0,"k":0.75},"lc":1,"lj":1,"ml":10,"bm":0,"nm":"Stroke 1","hd":false},{"ty":"tr","p":{"a":0,"k":[0,0]},"a":{"a":0,"k":[0,0]},"s":{"a":0,"k":[100,100]},"r":{"a":0,"k":0},"o":{"a":0,"k":100},"sk":{"a":0,"k":0},"sa":{"a":0,"k":0},"nm":"Transform"}],"nm":"Group 5","bm":0,"hd":false},{"ty":"gr","it":[{"ind":0,"ty":"sh","ks":{"a":0,"k":{"i":[[0,0],[-20.057,26.417]],"o":[[0,0],[0,0]],"v":[[-39.235,-41.26],[44.407,-54.732]],"c":false}},"nm":"Path 1","hd":false},{"ty":"st","c":{"a":0,"k":[0.1254902035,0.113725490868,0.058823529631,1]},"o":{"a":0,"k":100},"w":{"a":0,"k":0.75},"lc":1,"lj":1,"ml":10,"bm":0,"nm":"Stroke 1","hd":false},{"ty":"tr","p":{"a":0,"k":[0,0]},"a":{"a":0,"k":[0,0]},"s":{"a":0,"k":[100,100]},"r":{"a":0,"k":0},"o":{"a":0,"k":100},"sk":{"a":0,"k":0},"sa":{"a":0,"k":0},"nm":"Transform"}],"nm":"Group 6","bm":0,"hd":false},{"ty":"gr","it":[{"ind":0,"ty":"sh","ks":{"a":0,"k":{"i":[[0,0],[-1.777,-2.452],[-15.036,5.651],[1.854,1.24],[0,0],[0,0],[0,0]],"o":[[0,0],[1.777,2.452],[15.869,-5.964],[0,0],[0,0],[0,0],[0,0]],"v":[[-15.532,-38.392],[-11.723,-24.355],[22.196,-23.288],[39.152,-48.382],[26.138,-42.507],[12.43,-39.288],[-2.323,-38.089]],"c":true}},"nm":"Path 1","hd":false},{"ty":"fl","c":{"a":0,"k":[1,0.992156863213,0.952941179276,1]},"o":{"a":0,"k":100},"r":1,"bm":0,"nm":"Fill 1","hd":false},{"ty":"tr","p":{"a":0,"k":[0,0]},"a":{"a":0,"k":[0,0]},"s":{"a":0,"k":[100,100]},"r":{"a":0,"k":0},"o":{"a":0,"k":100},"sk":{"a":0,"k":0},"sa":{"a":0,"k":0},"nm":"Transform"}],"nm":"Group 7","bm":0,"hd":false},{"ty":"gr","it":[{"ind":0,"ty":"sh","ks":{"a":0,"k":{"i":[[24.658,1.758],[5.673,-23.705],[-22.673,27.302],[1.171,-0.451],[23.35,-5.695]],"o":[[0,0],[-1.835,7.666],[16.442,-19.799],[-2.394,0.921],[-15.117,3.687]],"v":[[-32.671,-39.847],[-20.001,13.829],[21.997,-0.467],[39.7,-49.355],[14.89,-38.125]],"c":true}},"nm":"Path 1","hd":false},{"ty":"st","c":{"a":0,"k":[0.145098045468,0.129411771894,0.066666670144,1]},"o":{"a":0,"k":100},"w":{"a":0,"k":1},"lc":1,"lj":1,"ml":10,"bm":0,"nm":"Stroke 1","hd":false},{"ty":"fl","c":{"a":0,"k":[0.262745112181,0.086274512112,0.101960785687,1]},"o":{"a":0,"k":100},"r":1,"bm":0,"nm":"Fill 1","hd":false},{"ty":"tr","p":{"a":0,"k":[0,0]},"a":{"a":0,"k":[0,0]},"s":{"a":0,"k":[100,100]},"r":{"a":0,"k":0},"o":{"a":0,"k":100},"sk":{"a":0,"k":0},"sa":{"a":0,"k":0},"nm":"Transform"}],"nm":"Group 8","bm":0,"hd":false},{"ty":"tr","p":{"a":0,"k":[0,0]},"a":{"a":0,"k":[0,0]},"s":{"a":0,"k":[100,100]},"r":{"a":0,"k":0},"o":{"a":0,"k":100},"sk":{"a":0,"k":0},"sa":{"a":0,"k":0},"nm":"Transform"}],"nm":"Group 3","bm":0,"hd":false},{"ty":"gr","it":[{"ind":0,"ty":"sh","ks":{"a":0,"k":{"i":[[0,0],[-21.389,11.766]],"o":[[0,0],[0,0]],"v":[[-27.318,27.285],[4.653,30.567]],"c":false}},"nm":"Path 1","hd":false},{"ty":"st","c":{"a":0,"k":[0.070588238537,0.290196090937,0.427450984716,1]},"o":{"a":0,"k":100},"w":{"a":0,"k":1},"lc":1,"lj":1,"ml":10,"bm":0,"nm":"Stroke 1","hd":false},{"ty":"fl","c":{"a":0,"k":[0.396078437567,0.623529434204,0.835294127464,1]},"o":{"a":0,"k":100},"r":1,"bm":0,"nm":"Fill 1","hd":false},{"ty":"tr","p":{"a":0,"k":[0,0]},"a":{"a":0,"k":[0,0]},"s":{"a":0,"k":[100,100]},"r":{"a":0,"k":0},"o":{"a":0,"k":100},"sk":{"a":0,"k":0},"sa":{"a":0,"k":0},"nm":"Transform"}],"nm":"Group 4","bm":0,"hd":false},{"ty":"gr","it":[{"ind":0,"ty":"sh","ks":{"a":0,"k":{"i":[[0,0],[13.692,1.302],[-17.254,2.392],[0,0]],"o":[[0,0],[-18.599,-1.769],[17.254,-2.392],[0,0]],"v":[[0.592,-78.797],[-23.097,-72.565],[-19.978,-50.633],[9.913,-63.958]],"c":false}},"nm":"Path 1","hd":false},{"ty":"st","c":{"a":0,"k":[0.070588238537,0.290196090937,0.427450984716,1]},"o":{"a":0,"k":100},"w":{"a":0,"k":1},"lc":1,"lj":1,"ml":10,"bm":0,"nm":"Stroke 1","hd":false},{"ty":"fl","c":{"a":0,"k":[0.396078437567,0.623529434204,0.835294127464,1]},"o":{"a":0,"k":100},"r":1,"bm":0,"nm":"Fill 1","hd":false},{"ty":"tr","p":{"a":0,"k":[0,0]},"a":{"a":0,"k":[0,0]},"s":{"a":0,"k":[100,100]},"r":{"a":0,"k":0},"o":{"a":0,"k":100},"sk":{"a":0,"k":0},"sa":{"a":0,"k":0},"nm":"Transform"}],"nm":"Group 5","bm":0,"hd":false},{"ty":"gr","it":[{"ty":"gr","it":[{"ty":"gr","it":[{"ind":0,"ty":"sh","ks":{"a":0,"k":{"i":[[-5.903,-3.546],[-2.319,-12.174],[-3.018,6.889]],"o":[[0,0],[0,0],[0,0]],"v":[[88.388,-124.796],[79.96,-112.721],[78.718,-122.69]],"c":true}},"nm":"Path 1","hd":false},{"ty":"fl","c":{"a":0,"k":[0.141176477075,0.482352942228,0.717647075653,1]},"o":{"a":0,"k":100},"r":1,"bm":0,"nm":"Fill 1","hd":false},{"ty":"tr","p":{"a":0,"k":[0,0]},"a":{"a":0,"k":[0,0]},"s":{"a":0,"k":[100,100]},"r":{"a":0,"k":0},"o":{"a":0,"k":100},"sk":{"a":0,"k":0},"sa":{"a":0,"k":0},"nm":"Transform"}],"nm":"Group 1","bm":0,"hd":false},{"ty":"gr","it":[{"ind":0,"ty":"sh","ks":{"a":0,"k":{"i":[[0,-4.178],[3.889,0],[0,4.178],[-3.889,0]],"o":[[0,4.178],[-3.889,0],[0,-4.178],[3.889,0]],"v":[[91.595,-118.453],[84.553,-110.888],[77.511,-118.453],[84.553,-126.018]],"c":true}},"nm":"Path 1","hd":false},{"ty":"fl","c":{"a":0,"k":[0.223529413342,0.482352942228,0.745098054409,1]},"o":{"a":0,"k":100},"r":1,"bm":0,"nm":"Fill 1","hd":false},{"ty":"tr","p":{"a":0,"k":[0,0]},"a":{"a":0,"k":[0,0]},"s":{"a":0,"k":[100,100]},"r":{"a":0,"k":0},"o":{"a":0,"k":100},"sk":{"a":0,"k":0},"sa":{"a":0,"k":0},"nm":"Transform"}],"nm":"Group 2","bm":0,"hd":false},{"ty":"tr","p":{"a":0,"k":[0,0]},"a":{"a":0,"k":[0,0]},"s":{"a":0,"k":[100,100]},"r":{"a":0,"k":0},"o":{"a":0,"k":100},"sk":{"a":0,"k":0},"sa":{"a":0,"k":0},"nm":"Transform"}],"nm":"Group 1","bm":0,"hd":false},{"ty":"gr","it":[{"ty":"gr","it":[{"ind":0,"ty":"sh","ks":{"a":0,"k":{"i":[[-5.526,-3.179],[-8.291,-18.427],[-5.027,16.447]],"o":[[0,0],[0,0],[0,0]],"v":[[101.982,-104.441],[95.716,-80.577],[92.462,-99.18]],"c":true}},"nm":"Path 1","hd":false},{"ty":"fl","c":{"a":0,"k":[0.141176477075,0.482352942228,0.717647075653,1]},"o":{"a":0,"k":100},"r":1,"bm":0,"nm":"Fill 1","hd":false},{"ty":"tr","p":{"a":0,"k":[0,0]},"a":{"a":0,"k":[0,0]},"s":{"a":0,"k":[100,100]},"r":{"a":0,"k":0},"o":{"a":0,"k":100},"sk":{"a":0,"k":0},"sa":{"a":0,"k":0},"nm":"Transform"}],"nm":"Group 1","bm":0,"hd":false},{"ty":"gr","it":[{"ind":0,"ty":"sh","ks":{"a":0,"k":{"i":[[1.064,-6.822],[4.059,0.633],[-1.064,6.822],[-4.059,-0.633]],"o":[[-1.064,6.822],[-4.059,-0.633],[1.064,-6.822],[4.059,0.633]],"v":[[105.593,-91.642],[96.316,-80.437],[90.893,-93.935],[100.17,-105.141]],"c":true}},"nm":"Path 1","hd":false},{"ty":"fl","c":{"a":0,"k":[0.223529413342,0.482352942228,0.745098054409,1]},"o":{"a":0,"k":100},"r":1,"bm":0,"nm":"Fill 1","hd":false},{"ty":"tr","p":{"a":0,"k":[0,0]},"a":{"a":0,"k":[0,0]},"s":{"a":0,"k":[100,100]},"r":{"a":0,"k":0},"o":{"a":0,"k":100},"sk":{"a":0,"k":0},"sa":{"a":0,"k":0},"nm":"Transform"}],"nm":"Group 2","bm":0,"hd":false},{"ty":"tr","p":{"a":0,"k":[0,0]},"a":{"a":0,"k":[0,0]},"s":{"a":0,"k":[100,100]},"r":{"a":0,"k":0},"o":{"a":0,"k":100},"sk":{"a":0,"k":0},"sa":{"a":0,"k":0},"nm":"Transform"}],"nm":"Group 2","bm":0,"hd":false},{"ty":"gr","it":[{"ty":"gr","it":[{"ind":0,"ty":"sh","ks":{"a":0,"k":{"i":[[-5.969,-1.031],[-7.726,-6.478],[-5.649,3.489]],"o":[[0,0],[0,0],[0,0]],"v":[[-10.068,83.29],[-19.491,90.377],[-21.659,84.671]],"c":true}},"nm":"Path 1","hd":false},{"ty":"fl","c":{"a":0,"k":[0.141176477075,0.482352942228,0.717647075653,1]},"o":{"a":0,"k":100},"r":1,"bm":0,"nm":"Fill 1","hd":false},{"ty":"tr","p":{"a":0,"k":[0,0]},"a":{"a":0,"k":[0,0]},"s":{"a":0,"k":[100,100]},"r":{"a":0,"k":0},"o":{"a":0,"k":100},"sk":{"a":0,"k":0},"sa":{"a":0,"k":0},"nm":"Transform"}],"nm":"Group 1","bm":0,"hd":false},{"ty":"gr","it":[{"ind":0,"ty":"sh","ks":{"a":0,"k":{"i":[[0,-2.267],[5.667,0],[0,2.267],[-5.667,0]],"o":[[0,2.267],[-5.667,0],[0,-2.267],[5.667,0]],"v":[[-3.234,87.157],[-13.495,91.261],[-23.756,87.157],[-13.495,83.053]],"c":true}},"nm":"Path 1","hd":false},{"ty":"fl","c":{"a":0,"k":[0.223529413342,0.482352942228,0.745098054409,1]},"o":{"a":0,"k":100},"r":1,"bm":0,"nm":"Fill 1","hd":false},{"ty":"tr","p":{"a":0,"k":[0,0]},"a":{"a":0,"k":[0,0]},"s":{"a":0,"k":[100,100]},"r":{"a":0,"k":0},"o":{"a":0,"k":100},"sk":{"a":0,"k":0},"sa":{"a":0,"k":0},"nm":"Transform"}],"nm":"Group 2","bm":0,"hd":false},{"ty":"tr","p":{"a":0,"k":[0,0]},"a":{"a":0,"k":[0,0]},"s":{"a":0,"k":[100,100]},"r":{"a":0,"k":0},"o":{"a":0,"k":100},"sk":{"a":0,"k":0},"sa":{"a":0,"k":0},"nm":"Transform"}],"nm":"Group 3","bm":0,"hd":false},{"ty":"gr","it":[{"ty":"gr","it":[{"ind":0,"ty":"sh","ks":{"a":0,"k":{"i":[[-10.346,6.001],[-0.025,-10.062],[-4.889,-0.241]],"o":[[0,0],[0,0],[0,0]],"v":[[77.893,24.83],[71.375,32.851],[76.53,39.412]],"c":true}},"nm":"Path 1","hd":false},{"ty":"fl","c":{"a":0,"k":[0.141176477075,0.482352942228,0.717647075653,1]},"o":{"a":0,"k":100},"r":1,"bm":0,"nm":"Fill 1","hd":false},{"ty":"tr","p":{"a":0,"k":[0,0]},"a":{"a":0,"k":[0,0]},"s":{"a":0,"k":[100,100]},"r":{"a":0,"k":0},"o":{"a":0,"k":100},"sk":{"a":0,"k":0},"sa":{"a":0,"k":0},"nm":"Transform"}],"nm":"Group 1","bm":0,"hd":false},{"ty":"gr","it":[{"ind":0,"ty":"sh","ks":{"a":0,"k":{"i":[[0,-4.1],[2.867,0],[0,4.1],[-2.867,0]],"o":[[0,4.1],[-2.867,0],[0,-4.1],[2.867,0]],"v":[[81.72,31.988],[76.53,39.412],[71.339,31.988],[76.53,24.564]],"c":true}},"nm":"Path 1","hd":false},{"ty":"fl","c":{"a":0,"k":[0.223529413342,0.482352942228,0.745098054409,1]},"o":{"a":0,"k":100},"r":1,"bm":0,"nm":"Fill 1","hd":false},{"ty":"tr","p":{"a":0,"k":[0,0]},"a":{"a":0,"k":[0,0]},"s":{"a":0,"k":[100,100]},"r":{"a":0,"k":0},"o":{"a":0,"k":100},"sk":{"a":0,"k":0},"sa":{"a":0,"k":0},"nm":"Transform"}],"nm":"Group 2","bm":0,"hd":false},{"ty":"tr","p":{"a":0,"k":[0,0]},"a":{"a":0,"k":[0,0]},"s":{"a":0,"k":[100,100]},"r":{"a":0,"k":0},"o":{"a":0,"k":100},"sk":{"a":0,"k":0},"sa":{"a":0,"k":0},"nm":"Transform"}],"nm":"Group 4","bm":0,"hd":false},{"ty":"gr","it":[{"ty":"gr","it":[{"ind":0,"ty":"sh","ks":{"a":0,"k":{"i":[[-6.336,-1.909],[-11.589,-22.389],[-6.953,17.504]],"o":[[0,0],[0,0],[0,0]],"v":[[100.976,21.81],[95.482,53.599],[90.823,28.547]],"c":true}},"nm":"Path 1","hd":false},{"ty":"fl","c":{"a":0,"k":[0.141176477075,0.482352942228,0.717647075653,1]},"o":{"a":0,"k":100},"r":1,"bm":0,"nm":"Fill 1","hd":false},{"ty":"tr","p":{"a":0,"k":[0,0]},"a":{"a":0,"k":[0,0]},"s":{"a":0,"k":[100,100]},"r":{"a":0,"k":0},"o":{"a":0,"k":100},"sk":{"a":0,"k":0},"sa":{"a":0,"k":0},"nm":"Transform"}],"nm":"Group 1","bm":0,"hd":false},{"ty":"gr","it":[{"ind":0,"ty":"sh","ks":{"a":0,"k":{"i":[[0,-9.134],[5.792,0],[0,9.134],[-5.792,0]],"o":[[0,9.134],[-5.792,0],[0,-9.134],[5.792,0]],"v":[[109.606,38.084],[99.118,54.622],[88.631,38.084],[99.118,21.546]],"c":true}},"nm":"Path 1","hd":false},{"ty":"fl","c":{"a":0,"k":[0.223529413342,0.482352942228,0.745098054409,1]},"o":{"a":0,"k":100},"r":1,"bm":0,"nm":"Fill 1","hd":false},{"ty":"tr","p":{"a":0,"k":[0,0]},"a":{"a":0,"k":[0,0]},"s":{"a":0,"k":[100,100]},"r":{"a":0,"k":0},"o":{"a":0,"k":100},"sk":{"a":0,"k":0},"sa":{"a":0,"k":0},"nm":"Transform"}],"nm":"Group 2","bm":0,"hd":false},{"ty":"tr","p":{"a":0,"k":[0,0]},"a":{"a":0,"k":[0,0]},"s":{"a":0,"k":[100,100]},"r":{"a":0,"k":0},"o":{"a":0,"k":100},"sk":{"a":0,"k":0},"sa":{"a":0,"k":0},"nm":"Transform"}],"nm":"Group 5","bm":0,"hd":false},{"ty":"gr","it":[{"ty":"gr","it":[{"ind":0,"ty":"sh","ks":{"a":0,"k":{"i":[[-26.026,-2.824],[12.58,-11.676],[-7.857,-12.125]],"o":[[0,0],[0,0],[0,0]],"v":[[90.823,59.403],[68.104,59.846],[67.103,81.005]],"c":true}},"nm":"Path 1","hd":false},{"ty":"fl","c":{"a":0,"k":[0.141176477075,0.482352942228,0.717647075653,1]},"o":{"a":0,"k":100},"r":1,"bm":0,"nm":"Fill 1","hd":false},{"ty":"tr","p":{"a":0,"k":[0,0]},"a":{"a":0,"k":[0,0]},"s":{"a":0,"k":[100,100]},"r":{"a":0,"k":0},"o":{"a":0,"k":100},"sk":{"a":0,"k":0},"sa":{"a":0,"k":0},"nm":"Transform"}],"nm":"Group 1","bm":0,"hd":false},{"ty":"gr","it":[{"ind":0,"ty":"sh","ks":{"a":0,"k":{"i":[[0,-9.067],[8.734,0],[0,9.067],[-8.734,0]],"o":[[0,9.067],[-8.734,0],[0,-9.067],[8.734,0]],"v":[[95.482,71.039],[79.668,87.457],[63.854,71.039],[79.668,54.622]],"c":true}},"nm":"Path 1","hd":false},{"ty":"fl","c":{"a":0,"k":[0.223529413342,0.482352942228,0.745098054409,1]},"o":{"a":0,"k":100},"r":1,"bm":0,"nm":"Fill 1","hd":false},{"ty":"tr","p":{"a":0,"k":[0,0]},"a":{"a":0,"k":[0,0]},"s":{"a":0,"k":[100,100]},"r":{"a":0,"k":0},"o":{"a":0,"k":100},"sk":{"a":0,"k":0},"sa":{"a":0,"k":0},"nm":"Transform"}],"nm":"Group 2","bm":0,"hd":false},{"ty":"tr","p":{"a":0,"k":[0,0]},"a":{"a":0,"k":[0,0]},"s":{"a":0,"k":[100,100]},"r":{"a":0,"k":0},"o":{"a":0,"k":100},"sk":{"a":0,"k":0},"sa":{"a":0,"k":0},"nm":"Transform"}],"nm":"Group 6","bm":0,"hd":false},{"ty":"gr","it":[{"ty":"gr","it":[{"ind":0,"ty":"sh","ks":{"a":0,"k":{"i":[[-4.097,-2.827],[-12.203,1.025],[4.664,-5.021]],"o":[[0,0],[0,0],[0,0]],"v":[[48.289,100.644],[59.418,92.023],[46.669,94.91]],"c":true}},"nm":"Path 1","hd":false},{"ty":"fl","c":{"a":0,"k":[0.141176477075,0.482352942228,0.717647075653,1]},"o":{"a":0,"k":100},"r":1,"bm":0,"nm":"Fill 1","hd":false},{"ty":"tr","p":{"a":0,"k":[0,0]},"a":{"a":0,"k":[0,0]},"s":{"a":0,"k":[100,100]},"r":{"a":0,"k":0},"o":{"a":0,"k":100},"sk":{"a":0,"k":0},"sa":{"a":0,"k":0},"nm":"Transform"}],"nm":"Group 1","bm":0,"hd":false},{"ty":"gr","it":[{"ind":0,"ty":"sh","ks":{"a":0,"k":{"i":[[0,-3.067],[5.134,0],[0,3.067],[-5.134,0]],"o":[[0,3.067],[-5.134,0],[0,-3.067],[5.134,0]],"v":[[64.579,96.993],[55.284,102.546],[45.988,96.993],[55.284,91.44]],"c":true}},"nm":"Path 1","hd":false},{"ty":"fl","c":{"a":0,"k":[0.223529413342,0.482352942228,0.745098054409,1]},"o":{"a":0,"k":100},"r":1,"bm":0,"nm":"Fill 1","hd":false},{"ty":"tr","p":{"a":0,"k":[0,0]},"a":{"a":0,"k":[0,0]},"s":{"a":0,"k":[100,100]},"r":{"a":0,"k":0},"o":{"a":0,"k":100},"sk":{"a":0,"k":0},"sa":{"a":0,"k":0},"nm":"Transform"}],"nm":"Group 2","bm":0,"hd":false},{"ty":"tr","p":{"a":0,"k":[0,0]},"a":{"a":0,"k":[0,0]},"s":{"a":0,"k":[100,100]},"r":{"a":0,"k":0},"o":{"a":0,"k":100},"sk":{"a":0,"k":0},"sa":{"a":0,"k":0},"nm":"Transform"}],"nm":"Group 7","bm":0,"hd":false},{"ty":"gr","it":[{"ind":0,"ty":"sh","ks":{"a":0,"k":{"i":[[0.779,-1.164],[-26.576,-48.524],[0,0],[14.924,13.463],[20.417,1.317]],"o":[[0,0],[0,0],[0,0],[-14.924,-13.463],[0,0]],"v":[[28.887,-180.691],[121.072,-121.731],[123.035,-132.874],[100.18,-158.682],[33.211,-183.025]],"c":true}},"nm":"Path 1","hd":false},{"ty":"fl","c":{"a":0,"k":[0.192156866193,0.54509806633,0.784313738346,1]},"o":{"a":0,"k":100},"r":1,"bm":0,"nm":"Fill 1","hd":false},{"ty":"tr","p":{"a":0,"k":[0,0]},"a":{"a":0,"k":[0,0]},"s":{"a":0,"k":[100,100]},"r":{"a":0,"k":0},"o":{"a":0,"k":65},"sk":{"a":0,"k":0},"sa":{"a":0,"k":0},"nm":"Transform"}],"nm":"Group 8","bm":0,"hd":false},{"ty":"gr","it":[{"ind":0,"ty":"sh","ks":{"a":0,"k":{"i":[[11.049,-22.264],[-3.843,-41.176],[-3.634,-24.502],[31.559,-31.451],[26.802,4.356],[21.293,11.529],[-24.114,25.78],[4.516,19.328],[-34.588,81.155]],"o":[[0,0],[0,0],[1.786,12.043],[-26.743,26.651],[0,0],[-21.293,-11.529],[24.114,-25.78],[0,0],[0,0]],"v":[[118.526,-114.563],[112.713,-42.751],[123.035,13.581],[95.035,102.928],[6.211,122.236],[-38.89,107.113],[59.365,99.299],[86.012,3.176],[112.596,-151.784]],"c":true}},"nm":"Path 1","hd":false},{"ty":"fl","c":{"a":0,"k":[0.192156866193,0.54509806633,0.784313738346,1]},"o":{"a":0,"k":100},"r":1,"bm":0,"nm":"Fill 1","hd":false},{"ty":"tr","p":{"a":0,"k":[0,0]},"a":{"a":0,"k":[0,0]},"s":{"a":0,"k":[100,100]},"r":{"a":0,"k":0},"o":{"a":0,"k":65},"sk":{"a":0,"k":0},"sa":{"a":0,"k":0},"nm":"Transform"}],"nm":"Group 9","bm":0,"hd":false},{"ty":"gr","it":[{"ind":0,"ty":"sh","ks":{"a":0,"k":{"i":[[30.225,-1.681],[42.755,-47.745],[-139.24,-39.088],[11.552,37.674],[-11.013,25.917]],"o":[[0,0],[-56.544,63.144],[130.719,36.696],[-11.545,-37.652],[10.872,-25.585]],"v":[[55.866,-190.239],[-13.791,-144.93],[-11.204,118.473],[121.029,0.215],[121.029,-121.333]],"c":true}},"nm":"Path 1","hd":false},{"ty":"st","c":{"a":0,"k":[0.070588238537,0.290196090937,0.427450984716,1]},"o":{"a":0,"k":100},"w":{"a":0,"k":1},"lc":1,"lj":1,"ml":10,"bm":0,"nm":"Stroke 1","hd":false},{"ty":"fl","c":{"a":0,"k":[0.396078437567,0.623529434204,0.835294127464,1]},"o":{"a":0,"k":100},"r":1,"bm":0,"nm":"Fill 1","hd":false},{"ty":"tr","p":{"a":0,"k":[0,0]},"a":{"a":0,"k":[0,0]},"s":{"a":0,"k":[100,100]},"r":{"a":0,"k":0},"o":{"a":0,"k":100},"sk":{"a":0,"k":0},"sa":{"a":0,"k":0},"nm":"Transform"}],"nm":"Group 10","bm":0,"hd":false},{"ty":"tr","p":{"a":0,"k":[0,0]},"a":{"a":0,"k":[0,0]},"s":{"a":0,"k":[100,100]},"r":{"a":0,"k":0},"o":{"a":0,"k":100},"sk":{"a":0,"k":0},"sa":{"a":0,"k":0},"nm":"Transform"}],"nm":"Group 6","bm":0,"hd":false}],"ip":0,"op":6000,"st":0,"bm":0},{"ddd":0,"ind":7,"ty":4,"nm":"Thigh R","parent":1,"sr":1,"ks":{"r":{"a":1,"k":[{"i":{"x":[0.667],"y":[1]},"o":{"x":[0.167],"y":[0.167]},"t":0,"s":[-2]},{"i":{"x":[0.667],"y":[1]},"o":{"x":[0.333],"y":[0]},"t":14,"s":[-59]},{"i":{"x":[0.667],"y":[1]},"o":{"x":[0.333],"y":[0]},"t":28,"s":[-2]},{"i":{"x":[0.667],"y":[1]},"o":{"x":[0.333],"y":[0]},"t":38,"s":[-30]},{"i":{"x":[0.667],"y":[1]},"o":{"x":[0.333],"y":[0]},"t":48,"s":[6]},{"i":{"x":[0.577],"y":[0.899]},"o":{"x":[0.183],"y":[0]},"t":53,"s":[-49]},{"i":{"x":[0.703],"y":[1]},"o":{"x":[0.343],"y":[-0.118]},"t":65,"s":[3.589]},{"i":{"x":[0.667],"y":[1]},"o":{"x":[0.167],"y":[0]},"t":76,"s":[-30]},{"i":{"x":[0.667],"y":[1]},"o":{"x":[0.333],"y":[0]},"t":81,"s":[6]},{"i":{"x":[0.833],"y":[0.833]},"o":{"x":[0.333],"y":[0]},"t":91,"s":[-30]},{"i":{"x":[0.667],"y":[1]},"o":{"x":[0.167],"y":[0.167]},"t":101,"s":[-2]},{"i":{"x":[0.667],"y":[1]},"o":{"x":[0.333],"y":[0]},"t":115,"s":[-59]},{"t":129,"s":[-2]}]},"p":{"a":1,"k":[{"i":{"x":0.667,"y":1},"o":{"x":0.333,"y":0},"t":38,"s":[3.859,174.267,0],"to":[0,0.813,0],"ti":[0,0,0]},{"i":{"x":0.667,"y":1},"o":{"x":0.333,"y":0},"t":48,"s":[3.859,179.145,0],"to":[0,0,0],"ti":[0,0.813,0]},{"i":{"x":0.667,"y":1},"o":{"x":0.167,"y":0},"t":53,"s":[3.859,174.267,0],"to":[0,-0.813,0],"ti":[0,0.813,0]},{"i":{"x":0.667,"y":1},"o":{"x":0.167,"y":0},"t":76,"s":[3.859,174.267,0],"to":[0,-0.813,0],"ti":[0,0,0]},{"i":{"x":0.667,"y":1},"o":{"x":0.333,"y":0},"t":81,"s":[3.859,179.145,0],"to":[0,0,0],"ti":[0,-0.813,0]},{"t":91,"s":[3.859,174.267,0]}]},"a":{"a":0,"k":[-32.141,98.267,0]}},"ao":0,"shapes":[{"ty":"gr","it":[{"ty":"gr","it":[{"ind":0,"ty":"sh","ks":{"a":0,"k":{"i":[[0,0],[6.084,3.561],[0,0],[0,0]],"o":[[0,0],[0,0],[0,0],[0,0]],"v":[[-35.477,115.908],[-51.577,112.273],[-45.938,104.038],[-26.203,104.854]],"c":true}},"nm":"Path 1","hd":false},{"ty":"fl","c":{"a":0,"k":[0.149019613862,0.470588237047,0.68235296011,1]},"o":{"a":0,"k":100},"r":1,"bm":0,"nm":"Fill 1","hd":false},{"ty":"tr","p":{"a":0,"k":[0,0]},"a":{"a":0,"k":[0,0]},"s":{"a":0,"k":[100,100]},"r":{"a":0,"k":0},"o":{"a":0,"k":68},"sk":{"a":0,"k":0},"sa":{"a":0,"k":0},"nm":"Transform"}],"nm":"Group 1","bm":0,"hd":false},{"ty":"gr","it":[{"ind":0,"ty":"sh","ks":{"a":0,"k":{"i":[[-5.416,6.468],[0,0],[15.849,-9.126],[0,0]],"o":[[0,0],[0,0],[0,0],[0,0]],"v":[[-47.345,133.785],[-22.335,100.884],[-42.321,97.1],[-61.457,130.168]],"c":false}},"nm":"Path 1","hd":false},{"ty":"st","c":{"a":0,"k":[0.070588238537,0.290196090937,0.427450984716,1]},"o":{"a":0,"k":100},"w":{"a":0,"k":1},"lc":1,"lj":1,"ml":10,"bm":0,"nm":"Stroke 1","hd":false},{"ty":"fl","c":{"a":0,"k":[0.396078437567,0.623529434204,0.835294127464,1]},"o":{"a":0,"k":100},"r":1,"bm":0,"nm":"Fill 1","hd":false},{"ty":"tr","p":{"a":0,"k":[0,0]},"a":{"a":0,"k":[0,0]},"s":{"a":0,"k":[100,100]},"r":{"a":0,"k":0},"o":{"a":0,"k":100},"sk":{"a":0,"k":0},"sa":{"a":0,"k":0},"nm":"Transform"}],"nm":"Group 2","bm":0,"hd":false},{"ty":"tr","p":{"a":0,"k":[0,0]},"a":{"a":0,"k":[0,0]},"s":{"a":0,"k":[100,100]},"r":{"a":0,"k":0},"o":{"a":0,"k":100},"sk":{"a":0,"k":0},"sa":{"a":0,"k":0},"nm":"Transform"}],"nm":"Group 1","bm":0,"hd":false},{"ty":"gr","it":[{"ind":0,"ty":"sh","ks":{"a":0,"k":{"i":[[0,-4.059],[4.059,0],[0,4.059],[-4.059,0]],"o":[[0,4.059],[-4.059,0],[0,-4.059],[4.059,0]],"v":[[-47.369,133.153],[-54.719,140.502],[-62.068,133.153],[-54.719,125.804]],"c":true}},"nm":"Path 1","hd":false},{"ty":"st","c":{"a":0,"k":[0.070588238537,0.290196090937,0.427450984716,1]},"o":{"a":0,"k":100},"w":{"a":0,"k":1},"lc":1,"lj":1,"ml":10,"bm":0,"nm":"Stroke 1","hd":false},{"ty":"fl","c":{"a":0,"k":[0.396078437567,0.623529434204,0.835294127464,1]},"o":{"a":0,"k":100},"r":1,"bm":0,"nm":"Fill 1","hd":false},{"ty":"tr","p":{"a":0,"k":[0,0]},"a":{"a":0,"k":[0,0]},"s":{"a":0,"k":[100,100]},"r":{"a":0,"k":0},"o":{"a":0,"k":100},"sk":{"a":0,"k":0},"sa":{"a":0,"k":0},"nm":"Transform"}],"nm":"Group 2","bm":0,"hd":false}],"ip":0,"op":6000,"st":0,"bm":0},{"ddd":0,"ind":8,"ty":4,"nm":"Leg R","parent":7,"sr":1,"ks":{"r":{"a":1,"k":[{"i":{"x":[0.667],"y":[1]},"o":{"x":[0.167],"y":[0.167]},"t":0,"s":[57]},{"i":{"x":[0.667],"y":[1]},"o":{"x":[0.333],"y":[0]},"t":14,"s":[37]},{"i":{"x":[0.667],"y":[1]},"o":{"x":[0.333],"y":[0]},"t":28,"s":[57]},{"i":{"x":[0.667],"y":[1]},"o":{"x":[0.333],"y":[0]},"t":38,"s":[57]},{"i":{"x":[0.667],"y":[1]},"o":{"x":[0.333],"y":[0]},"t":48,"s":[4.7]},{"i":{"x":[0.667],"y":[1]},"o":{"x":[0.167],"y":[0]},"t":53,"s":[42]},{"i":{"x":[0.667],"y":[1]},"o":{"x":[0.167],"y":[0]},"t":76,"s":[57]},{"i":{"x":[0.667],"y":[1]},"o":{"x":[0.333],"y":[0]},"t":81,"s":[4.7]},{"t":91,"s":[57]}]},"p":{"a":0,"k":[-54.934,133.126,0]},"a":{"a":0,"k":[-54.934,133.126,0]}},"ao":0,"shapes":[{"ty":"gr","it":[{"ty":"gr","it":[{"ind":0,"ty":"sh","ks":{"a":0,"k":{"i":[[4.798,-2.286],[30.183,-11.519],[-16.545,6.158],[0,0]],"o":[[0,0],[0,0],[0,0],[0,0]],"v":[[-34.632,154.555],[-49.424,212.778],[-12.287,204.728],[-25.104,149.595]],"c":true}},"nm":"Path 1","hd":false},{"ty":"fl","c":{"a":0,"k":[0.152941182256,0.227450981736,0.57647061348,1]},"o":{"a":0,"k":100},"r":1,"bm":0,"nm":"Fill 1","hd":false},{"ty":"tr","p":{"a":0,"k":[0,0]},"a":{"a":0,"k":[0,0]},"s":{"a":0,"k":[100,100]},"r":{"a":0,"k":0},"o":{"a":0,"k":100},"sk":{"a":0,"k":0},"sa":{"a":0,"k":0},"nm":"Transform"}],"nm":"Group 1","bm":0,"hd":false},{"ty":"gr","it":[{"ind":0,"ty":"sh","ks":{"a":0,"k":{"i":[[3.198,8.504],[6.908,-2.086],[-2.899,-1.045]],"o":[[0,0],[-6.908,2.086],[2.899,1.045]],"v":[[-59.045,181.385],[-68.718,179.839],[-74.709,188.747]],"c":true}},"nm":"Path 1","hd":false},{"ty":"fl","c":{"a":0,"k":[0.51372551918,0.75686275959,0.854901969433,1]},"o":{"a":0,"k":100},"r":1,"bm":0,"nm":"Fill 1","hd":false},{"ty":"tr","p":{"a":0,"k":[0,0]},"a":{"a":0,"k":[0,0]},"s":{"a":0,"k":[100,100]},"r":{"a":0,"k":0},"o":{"a":0,"k":19},"sk":{"a":0,"k":0},"sa":{"a":0,"k":0},"nm":"Transform"}],"nm":"Group 2","bm":0,"hd":false},{"ty":"gr","it":[{"ind":0,"ty":"sh","ks":{"a":0,"k":{"i":[[0,0],[-5.096,-14.209]],"o":[[0,0],[0,0]],"v":[[-57.632,176.066],[-35.927,190.581]],"c":false}},"nm":"Path 1","hd":false},{"ty":"st","c":{"a":0,"k":[0.160784319043,0.184313729405,0.439215689898,1]},"o":{"a":0,"k":100},"w":{"a":0,"k":1},"lc":1,"lj":1,"ml":10,"bm":0,"nm":"Stroke 1","hd":false},{"ty":"fl","c":{"a":0,"k":[0.219607844949,0.282352954149,0.615686297417,1]},"o":{"a":0,"k":100},"r":1,"bm":0,"nm":"Fill 1","hd":false},{"ty":"tr","p":{"a":0,"k":[0,0]},"a":{"a":0,"k":[0,0]},"s":{"a":0,"k":[100,100]},"r":{"a":0,"k":0},"o":{"a":0,"k":100},"sk":{"a":0,"k":0},"sa":{"a":0,"k":0},"nm":"Transform"}],"nm":"Group 3","bm":0,"hd":false},{"ty":"gr","it":[{"ind":0,"ty":"sh","ks":{"a":0,"k":{"i":[[1.656,9.589],[-15.577,8.903],[-6.232,-21.887],[22.883,-0.031],[0,0],[-18.024,7.898],[0,0]],"o":[[0,0],[0,0],[0,0],[-22.883,0.031],[0,0],[9.926,-4.35],[0,0]],"v":[[-56.765,161.042],[-24.57,148.726],[-11.583,205.211],[-58.597,213.816],[-86.22,211.294],[-72.332,179.043],[-52.88,176.066]],"c":true}},"nm":"Path 1","hd":false},{"ty":"st","c":{"a":0,"k":[0.160784319043,0.184313729405,0.439215689898,1]},"o":{"a":0,"k":100},"w":{"a":0,"k":1},"lc":1,"lj":1,"ml":10,"bm":0,"nm":"Stroke 1","hd":false},{"ty":"fl","c":{"a":0,"k":[0.219607844949,0.282352954149,0.615686297417,1]},"o":{"a":0,"k":100},"r":1,"bm":0,"nm":"Fill 1","hd":false},{"ty":"tr","p":{"a":0,"k":[0,0]},"a":{"a":0,"k":[0,0]},"s":{"a":0,"k":[100,100]},"r":{"a":0,"k":0},"o":{"a":0,"k":100},"sk":{"a":0,"k":0},"sa":{"a":0,"k":0},"nm":"Transform"}],"nm":"Group 4","bm":0,"hd":false},{"ty":"gr","it":[{"ind":0,"ty":"sh","ks":{"a":0,"k":{"i":[[29.175,-11.167],[-4.785,-12.464],[-10.19,8.257],[2.003,1.781],[0,0]],"o":[[0,0],[2.615,6.812],[0,0],[-2.923,-2.598],[0,0]],"v":[[-73.107,210.228],[-86.629,218.12],[-10.247,212.11],[-12.844,203.504],[-30.737,206.401]],"c":true}},"nm":"Path 1","hd":false},{"ty":"st","c":{"a":0,"k":[0.086274512112,0.141176477075,0.298039227724,1]},"o":{"a":0,"k":100},"w":{"a":0,"k":1},"lc":1,"lj":1,"ml":10,"bm":0,"nm":"Stroke 1","hd":false},{"ty":"fl","c":{"a":0,"k":[0.086274512112,0.141176477075,0.298039227724,1]},"o":{"a":0,"k":100},"r":1,"bm":0,"nm":"Fill 1","hd":false},{"ty":"tr","p":{"a":0,"k":[0,0]},"a":{"a":0,"k":[0,0]},"s":{"a":0,"k":[100,100]},"r":{"a":0,"k":0},"o":{"a":0,"k":100},"sk":{"a":0,"k":0},"sa":{"a":0,"k":0},"nm":"Transform"}],"nm":"Group 5","bm":0,"hd":false},{"ty":"tr","p":{"a":0,"k":[-44.356,156.048]},"a":{"a":0,"k":[-44.356,156.048]},"s":{"a":0,"k":[100,100]},"r":{"a":1,"k":[{"i":{"x":[0.667],"y":[1]},"o":{"x":[0.167],"y":[0.167]},"t":0,"s":[-18.3]},{"i":{"x":[0.667],"y":[1]},"o":{"x":[0.333],"y":[0]},"t":14,"s":[-38.3]},{"i":{"x":[0.667],"y":[1]},"o":{"x":[0.333],"y":[0]},"t":28,"s":[-18.3]},{"i":{"x":[0.667],"y":[1]},"o":{"x":[0.333],"y":[0]},"t":38,"s":[-18.3]},{"i":{"x":[0.667],"y":[1]},"o":{"x":[0.167],"y":[0]},"t":53,"s":[-18.3]},{"i":{"x":[0.667],"y":[1]},"o":{"x":[0.167],"y":[0]},"t":76,"s":[-18.3]},{"i":{"x":[0.833],"y":[1]},"o":{"x":[0.333],"y":[0]},"t":91,"s":[-18.3]},{"i":{"x":[0.667],"y":[1]},"o":{"x":[0.167],"y":[0.167]},"t":101,"s":[-18.3]},{"i":{"x":[0.667],"y":[1]},"o":{"x":[0.333],"y":[0]},"t":115,"s":[-38.3]},{"t":129,"s":[-18.3]}]},"o":{"a":0,"k":100},"sk":{"a":0,"k":0},"sa":{"a":0,"k":0},"nm":"Transform"}],"nm":"Group 1","bm":0,"hd":false},{"ty":"gr","it":[{"ind":0,"ty":"sh","ks":{"a":0,"k":{"i":[[0,0],[-7.028,-2.696],[0,0],[0,0],[1.119,1.165]],"o":[[0,0],[10.418,3.997],[0,0],[0,0],[0,0]],"v":[[-61.609,135.614],[-39.311,169.96],[-33.301,159.845],[-44.949,135.955],[-47.913,130.543]],"c":false}},"nm":"Path 1","hd":false},{"ty":"st","c":{"a":0,"k":[0.070588238537,0.290196090937,0.427450984716,1]},"o":{"a":0,"k":100},"w":{"a":0,"k":1},"lc":1,"lj":1,"ml":10,"bm":0,"nm":"Stroke 1","hd":false},{"ty":"fl","c":{"a":0,"k":[0.396078437567,0.623529434204,0.835294127464,1]},"o":{"a":0,"k":100},"r":1,"bm":0,"nm":"Fill 1","hd":false},{"ty":"gr","it":[{"ind":0,"ty":"sh","ks":{"a":0,"k":{"i":[[0,-4.308],[4.308,0],[0,4.308],[-4.308,0]],"o":[[0,4.308],[-4.308,0],[0,-4.308],[4.308,0]],"v":[[-46.932,133.114],[-54.731,140.913],[-62.531,133.114],[-54.731,125.314]],"c":true}},"nm":"Path 1","hd":false},{"ty":"fl","c":{"a":0,"k":[0.396078437567,0.623529434204,0.835294127464,1]},"o":{"a":0,"k":100},"r":1,"bm":0,"nm":"Fill 1","hd":false},{"ty":"tr","p":{"a":0,"k":[0,0]},"a":{"a":0,"k":[0,0]},"s":{"a":0,"k":[100,100]},"r":{"a":0,"k":0},"o":{"a":0,"k":100},"sk":{"a":0,"k":0},"sa":{"a":0,"k":0},"nm":"Transform"}],"nm":"Group 4","bm":0,"hd":false},{"ty":"tr","p":{"a":0,"k":[0,0]},"a":{"a":0,"k":[0,0]},"s":{"a":0,"k":[100,100]},"r":{"a":0,"k":0},"o":{"a":0,"k":100},"sk":{"a":0,"k":0},"sa":{"a":0,"k":0},"nm":"Transform"}],"nm":"Group 2","bm":0,"hd":false},{"ty":"gr","it":[{"ind":0,"ty":"sh","ks":{"a":0,"k":{"i":[[0,0],[-27.55,3.444],[0,0]],"o":[[0,0],[0,0],[0,0]],"v":[[-56.403,160.137],[-25.04,148.577],[-30.856,163.075]],"c":true}},"nm":"Path 1","hd":false},{"ty":"st","c":{"a":0,"k":[0.086274512112,0.141176477075,0.298039227724,1]},"o":{"a":0,"k":100},"w":{"a":0,"k":1},"lc":1,"lj":1,"ml":10,"bm":0,"nm":"Stroke 1","hd":false},{"ty":"fl","c":{"a":0,"k":[0.086274512112,0.141176477075,0.298039227724,1]},"o":{"a":0,"k":100},"r":1,"bm":0,"nm":"Fill 1","hd":false},{"ty":"tr","p":{"a":0,"k":[-44.366,154.684]},"a":{"a":0,"k":[-44.366,154.684]},"s":{"a":0,"k":[100,100]},"r":{"a":0,"k":0,"x":"var $bm_rt;\n$bm_rt = content('Group 1').transform.rotation;"},"o":{"a":0,"k":100},"sk":{"a":0,"k":0},"sa":{"a":0,"k":0},"nm":"Transform"}],"nm":"Group 3","bm":0,"hd":false}],"ip":0,"op":6000,"st":0,"bm":0},{"ddd":0,"ind":9,"ty":4,"nm":"Hand_01","parent":6,"sr":1,"ks":{"r":{"a":1,"k":[{"i":{"x":[0.667],"y":[1]},"o":{"x":[0.333],"y":[0]},"t":0,"s":[-117]},{"i":{"x":[0.667],"y":[1]},"o":{"x":[0.333],"y":[0]},"t":14,"s":[-44]},{"i":{"x":[0.667],"y":[1]},"o":{"x":[0.333],"y":[0]},"t":28,"s":[-117]},{"i":{"x":[0.833],"y":[1]},"o":{"x":[0.333],"y":[0]},"t":38,"s":[-44]},{"i":{"x":[0.583],"y":[1]},"o":{"x":[0.24],"y":[0]},"t":46,"s":[-44]},{"i":{"x":[0.841],"y":[1]},"o":{"x":[0.276],"y":[0]},"t":53,"s":[20.2]},{"i":{"x":[0.667],"y":[1]},"o":{"x":[0.167],"y":[0]},"t":78,"s":[-44]},{"i":{"x":[0.667],"y":[1]},"o":{"x":[0.333],"y":[0]},"t":91,"s":[-44]},{"i":{"x":[0.667],"y":[1]},"o":{"x":[0.333],"y":[0]},"t":101,"s":[-117]},{"i":{"x":[0.667],"y":[1]},"o":{"x":[0.333],"y":[0]},"t":115,"s":[-44]},{"t":129,"s":[-117]}]},"p":{"a":0,"k":[-62.615,-37.354,0]},"a":{"a":0,"k":[-62.615,-37.354,0]}},"ao":0,"shapes":[{"ty":"gr","it":[{"ind":0,"ty":"sh","ks":{"a":0,"k":{"i":[[0,0],[5.091,-4.887]],"o":[[0,0],[0,0]],"v":[[-125.088,-99.676],[-134.835,-96.017]],"c":false}},"nm":"Path 1","hd":false},{"ty":"st","c":{"a":0,"k":[0.043137256056,0.403921574354,0.270588248968,1]},"o":{"a":0,"k":100},"w":{"a":0,"k":1},"lc":1,"lj":1,"ml":10,"bm":0,"nm":"Stroke 1","hd":false},{"ty":"fl","c":{"a":0,"k":[0.498039215803,0.792156875134,0.674509823322,1]},"o":{"a":0,"k":100},"r":1,"bm":0,"nm":"Fill 1","hd":false},{"ty":"tr","p":{"a":0,"k":[0,0]},"a":{"a":0,"k":[0,0]},"s":{"a":0,"k":[100,100]},"r":{"a":0,"k":0},"o":{"a":0,"k":100},"sk":{"a":0,"k":0},"sa":{"a":0,"k":0},"nm":"Transform"}],"nm":"Group 1","bm":0,"hd":false},{"ty":"gr","it":[{"ind":0,"ty":"sh","ks":{"a":0,"k":{"i":[[0,0],[2.698,-22.959],[0,0],[3.916,1.729],[-10.195,4.835],[-3.294,1.996],[5.843,8.43],[-6.066,7.886],[-0.903,-1.544],[-1.462,-0.756],[0.13,1.956],[-11.286,1.661],[0,0],[0,0],[0,0],[-8.86,-0.666],[4.867,-7.199],[0,0],[2.958,-5.351]],"o":[[0,0],[0,0],[0,0],[-3.916,-1.729],[7.715,-3.659],[0,0],[-5.843,-8.43],[6.066,-7.886],[0.903,1.544],[1.462,0.756],[-0.13,-1.956],[11.286,-1.661],[0,0],[0,0],[0,0],[8.86,0.666],[-4.867,7.199],[0,0],[0,0]],"v":[[-107.355,-91.729],[-130.046,-66.075],[-147.84,-83.943],[-177.419,-83.212],[-178.901,-96.017],[-159.69,-101.312],[-165.466,-114.934],[-176.337,-141.34],[-162.869,-141.34],[-151.07,-124.327],[-148.245,-126.522],[-143.525,-154.851],[-133.298,-147.712],[-134.61,-124.057],[-132.433,-123.591],[-120.636,-142.804],[-115.469,-124.921],[-124.531,-111.46],[-125.088,-99.676]],"c":true}},"nm":"Path 1","hd":false},{"ty":"st","c":{"a":0,"k":[0.043137256056,0.403921574354,0.270588248968,1]},"o":{"a":0,"k":100},"w":{"a":0,"k":1},"lc":1,"lj":1,"ml":10,"bm":0,"nm":"Stroke 1","hd":false},{"ty":"fl","c":{"a":0,"k":[0.498039215803,0.792156875134,0.674509823322,1]},"o":{"a":0,"k":100},"r":1,"bm":0,"nm":"Fill 1","hd":false},{"ty":"tr","p":{"a":0,"k":[0,0]},"a":{"a":0,"k":[0,0]},"s":{"a":0,"k":[100,100]},"r":{"a":0,"k":0},"o":{"a":0,"k":100},"sk":{"a":0,"k":0},"sa":{"a":0,"k":0},"nm":"Transform"}],"nm":"Group 2","bm":0,"hd":false},{"ty":"gr","it":[{"ind":0,"ty":"sh","ks":{"a":0,"k":{"i":[[1.32,-3.438],[0,0],[0,0],[0,0]],"o":[[0,0],[0,0],[0,0],[0,0]],"v":[[-130.951,-74.905],[-67.267,-23.647],[-53.281,-49.36],[-120.492,-88.017]],"c":true}},"nm":"Path 1","hd":false},{"ty":"st","c":{"a":0,"k":[0.070588238537,0.290196090937,0.427450984716,1]},"o":{"a":0,"k":100},"w":{"a":0,"k":1},"lc":1,"lj":1,"ml":10,"bm":0,"nm":"Stroke 1","hd":false},{"ty":"fl","c":{"a":0,"k":[0.396078437567,0.623529434204,0.835294127464,1]},"o":{"a":0,"k":100},"r":1,"bm":0,"nm":"Fill 1","hd":false},{"ty":"tr","p":{"a":0,"k":[0,0]},"a":{"a":0,"k":[0,0]},"s":{"a":0,"k":[100,100]},"r":{"a":0,"k":0},"o":{"a":0,"k":100},"sk":{"a":0,"k":0},"sa":{"a":0,"k":0},"nm":"Transform"}],"nm":"Group 3","bm":0,"hd":false},{"ty":"gr","it":[{"ind":0,"ty":"sh","ks":{"a":0,"k":{"i":[[-2.795,-4.751],[-1.494,23.632],[0,0],[0,0]],"o":[[0,0],[0,0],[0,0],[0,0]],"v":[[-129.295,-65.414],[-105.862,-90.905],[-109.879,-92.301],[-132.178,-84.642]],"c":true}},"nm":"Path 1","hd":false},{"ty":"st","c":{"a":0,"k":[0.043137256056,0.403921574354,0.270588248968,1]},"o":{"a":0,"k":100},"w":{"a":0,"k":1},"lc":1,"lj":1,"ml":10,"bm":0,"nm":"Stroke 1","hd":false},{"ty":"fl","c":{"a":0,"k":[0.176470592618,0.68235296011,0.501960813999,1]},"o":{"a":0,"k":100},"r":1,"bm":0,"nm":"Fill 1","hd":false},{"ty":"tr","p":{"a":0,"k":[0,0]},"a":{"a":0,"k":[0,0]},"s":{"a":0,"k":[100,100]},"r":{"a":0,"k":0},"o":{"a":0,"k":100},"sk":{"a":0,"k":0},"sa":{"a":0,"k":0},"nm":"Transform"}],"nm":"Group 4","bm":0,"hd":false}],"ip":0,"op":6000,"st":0,"bm":0},{"ddd":0,"ind":10,"ty":4,"nm":"Cloth","parent":9,"sr":1,"ks":{"r":{"a":1,"k":[{"i":{"x":[0.667],"y":[1]},"o":{"x":[0.333],"y":[0]},"t":46,"s":[0]},{"i":{"x":[0.667],"y":[1.473]},"o":{"x":[0.333],"y":[0]},"t":55,"s":[-56]},{"i":{"x":[0.667],"y":[0.887]},"o":{"x":[0.333],"y":[0.1]},"t":62,"s":[-71.896]},{"i":{"x":[0.667],"y":[1]},"o":{"x":[0.333],"y":[0.506]},"t":66,"s":[-28.825]},{"t":78,"s":[0]}]},"p":{"a":1,"k":[{"i":{"x":0.667,"y":0.819},"o":{"x":0.333,"y":0},"t":46,"s":[-145.897,-103.2,0],"to":[-1.154,2.167,0],"ti":[2.199,-4.306,0]},{"i":{"x":0.667,"y":1},"o":{"x":0.333,"y":0.039},"t":55,"s":[-122.503,-119.114,0],"to":[-0.645,1.262,0],"ti":[0.138,-0.469,0]},{"i":{"x":0.667,"y":1},"o":{"x":0.333,"y":0},"t":58,"s":[-154.852,-86.387,0],"to":[-0.608,2.067,0],"ti":[3.715,6.873,0]},{"i":{"x":0.667,"y":1},"o":{"x":0.333,"y":0},"t":62,"s":[-149.547,-90.797,0],"to":[-3.715,-6.873,0],"ti":[-0.608,2.067,0]},{"i":{"x":0.667,"y":1},"o":{"x":0.333,"y":0},"t":67,"s":[-177.145,-127.622,0],"to":[0.608,-2.067,0],"ti":[-5.208,-4.07,0]},{"t":78,"s":[-145.897,-103.2,0]}]},"a":{"a":0,"k":[-145.897,-103.2,0]},"s":{"a":1,"k":[{"i":{"x":[0.667,0.667,0.667],"y":[1,1,1]},"o":{"x":[0.333,0.333,0.333],"y":[0,0,0]},"t":28,"s":[55,34,100]},{"i":{"x":[0.667,0.667,0.667],"y":[1,1,1]},"o":{"x":[0.333,0.333,0.333],"y":[0,0,0]},"t":38,"s":[100,100,100]},{"i":{"x":[0.667,0.667,0.667],"y":[1,1,1]},"o":{"x":[0.333,0.333,0.333],"y":[0,0,0]},"t":46,"s":[100,100,100]},{"i":{"x":[0.667,0.667,0.667],"y":[0.942,0.632,1]},"o":{"x":[0.333,0.333,0.333],"y":[0,0,0]},"t":55,"s":[185,158,100]},{"i":{"x":[0.667,0.667,0.667],"y":[1.143,7.4,1]},"o":{"x":[0.333,0.333,0.333],"y":[0.226,-4.268,0]},"t":58,"s":[158.764,169.144,100]},{"i":{"x":[0.667,0.667,0.667],"y":[1,1,1]},"o":{"x":[0.333,0.333,0.333],"y":[1.274,8.188,0]},"t":62,"s":[149.851,167.865,100]},{"i":{"x":[0.667,0.667,0.667],"y":[1,1,1]},"o":{"x":[0.333,0.333,0.333],"y":[0,0,0]},"t":66,"s":[149.851,167.865,100]},{"i":{"x":[0.667,0.667,0.667],"y":[1,1,1]},"o":{"x":[0.333,0.333,0.333],"y":[0,0,0]},"t":78,"s":[100,100,100]},{"i":{"x":[0.667,0.667,0.667],"y":[1,1,1]},"o":{"x":[0.333,0.333,0.333],"y":[0,0,0]},"t":91,"s":[100,100,100]},{"t":101,"s":[55,34,100]}]}},"ao":0,"shapes":[{"ty":"gr","it":[{"ty":"gr","it":[{"ind":0,"ty":"sh","ks":{"a":0,"k":{"i":[[-0.498,-8.479],[-10.728,-11.238],[2.776,-1.569],[-5.211,-2.617],[-1.303,3.328],[0,0],[0,0],[0,0]],"o":[[0,0],[8.821,9.24],[0,0],[5.211,2.617],[1.303,-3.328],[0,0],[0,0],[0,0]],"v":[[-178.052,-136.159],[-169.852,-114.563],[-169.03,-99.676],[-170.72,-94.918],[-156.389,-92.882],[-147.84,-109.889],[-161.383,-124.921],[-173.326,-138.131]],"c":true}},"nm":"Path 1","hd":false},{"ty":"fl","c":{"a":0,"k":[0.678431391716,0.364705890417,0.639215707779,1]},"o":{"a":0,"k":100},"r":1,"bm":0,"nm":"Fill 1","hd":false},{"ty":"tr","p":{"a":0,"k":[0,0]},"a":{"a":0,"k":[0,0]},"s":{"a":0,"k":[100,100]},"r":{"a":0,"k":0},"o":{"a":0,"k":100},"sk":{"a":0,"k":0},"sa":{"a":0,"k":0},"nm":"Transform"}],"nm":"Group 1","bm":0,"hd":false},{"ty":"gr","it":[{"ind":0,"ty":"sh","ks":{"a":0,"k":{"i":[[12.438,-7.592],[0,0],[-10.53,11.927],[-2.384,17.828],[2.177,-14.2]],"o":[[0,0],[0,0],[0,0],[0,0],[0,0]],"v":[[-68.257,-135.384],[-102.62,-156.425],[-69.434,-156.314],[-59.732,-177.362],[-55.69,-153.004]],"c":true}},"nm":"Path 1","hd":false},{"ty":"fl","c":{"a":0,"k":[0.678431391716,0.364705890417,0.639215707779,1]},"o":{"a":0,"k":100},"r":1,"bm":0,"nm":"Fill 1","hd":false},{"ty":"tr","p":{"a":0,"k":[0,0]},"a":{"a":0,"k":[0,0]},"s":{"a":0,"k":[100,100]},"r":{"a":0,"k":0},"o":{"a":0,"k":100},"sk":{"a":0,"k":0},"sa":{"a":0,"k":0},"nm":"Transform"}],"nm":"Group 2","bm":0,"hd":false},{"ty":"gr","it":[{"ind":0,"ty":"sh","ks":{"a":0,"k":{"i":[[0,0],[20.678,-13.993]],"o":[[0,0],[0,0]],"v":[[-190.951,-168.901],[-214.428,-126.522]],"c":false}},"nm":"Path 1","hd":false},{"ty":"st","c":{"a":0,"k":[0.494117647409,0.290196090937,0.117647059262,1]},"o":{"a":0,"k":100},"w":{"a":0,"k":2},"lc":1,"lj":1,"ml":10,"bm":0,"nm":"Stroke 1","hd":false},{"ty":"tr","p":{"a":0,"k":[0,0]},"a":{"a":0,"k":[0,0]},"s":{"a":0,"k":[100,100]},"r":{"a":0,"k":0},"o":{"a":0,"k":100},"sk":{"a":0,"k":0},"sa":{"a":0,"k":0},"nm":"Transform"}],"nm":"Group 3","bm":0,"hd":false},{"ty":"gr","it":[{"ind":0,"ty":"sh","ks":{"a":0,"k":{"i":[[0,0],[0,0]],"o":[[37.003,6.219],[0,0]],"v":[[-226.399,-126.989],[-183.022,-130.564]],"c":false}},"nm":"Path 1","hd":false},{"ty":"st","c":{"a":0,"k":[0.494117647409,0.290196090937,0.117647059262,1]},"o":{"a":0,"k":100},"w":{"a":0,"k":2},"lc":1,"lj":1,"ml":10,"bm":0,"nm":"Stroke 1","hd":false},{"ty":"tr","p":{"a":0,"k":[0,0]},"a":{"a":0,"k":[0,0]},"s":{"a":0,"k":[100,100]},"r":{"a":0,"k":0},"o":{"a":0,"k":100},"sk":{"a":0,"k":0},"sa":{"a":0,"k":0},"nm":"Transform"}],"nm":"Group 4","bm":0,"hd":false},{"ty":"gr","it":[{"ind":0,"ty":"sh","ks":{"a":0,"k":{"i":[[0,0],[0,0]],"o":[[0,0],[0,0]],"v":[[-164.987,-74.905],[-137.002,-50.234]],"c":false}},"nm":"Path 1","hd":false},{"ty":"st","c":{"a":0,"k":[0.494117647409,0.290196090937,0.117647059262,1]},"o":{"a":0,"k":100},"w":{"a":0,"k":1},"lc":1,"lj":1,"ml":10,"bm":0,"nm":"Stroke 1","hd":false},{"ty":"tr","p":{"a":0,"k":[0,0]},"a":{"a":0,"k":[0,0]},"s":{"a":0,"k":[100,100]},"r":{"a":0,"k":0},"o":{"a":0,"k":100},"sk":{"a":0,"k":0},"sa":{"a":0,"k":0},"nm":"Transform"}],"nm":"Group 5","bm":0,"hd":false},{"ty":"gr","it":[{"ind":0,"ty":"sh","ks":{"a":0,"k":{"i":[[0,0],[-11.609,-10.572],[-22.388,-39.744]],"o":[[0,0],[0,0],[0,0]],"v":[[-198.725,-103.723],[-177.373,-70.604],[-153.949,-43.655]],"c":false}},"nm":"Path 1","hd":false},{"ty":"st","c":{"a":0,"k":[0.494117647409,0.290196090937,0.117647059262,1]},"o":{"a":0,"k":100},"w":{"a":0,"k":2},"lc":1,"lj":1,"ml":10,"bm":0,"nm":"Stroke 1","hd":false},{"ty":"tr","p":{"a":0,"k":[0,0]},"a":{"a":0,"k":[0,0]},"s":{"a":0,"k":[100,100]},"r":{"a":0,"k":0},"o":{"a":0,"k":100},"sk":{"a":0,"k":0},"sa":{"a":0,"k":0},"nm":"Transform"}],"nm":"Group 6","bm":0,"hd":false},{"ty":"gr","it":[{"ind":0,"ty":"sh","ks":{"a":0,"k":{"i":[[0,0],[-20.833,-5.597]],"o":[[0,0],[0,0]],"v":[[-190.951,-150.31],[-147.108,-168.033]],"c":false}},"nm":"Path 1","hd":false},{"ty":"st","c":{"a":0,"k":[0.494117647409,0.290196090937,0.117647059262,1]},"o":{"a":0,"k":100},"w":{"a":0,"k":2},"lc":1,"lj":1,"ml":10,"bm":0,"nm":"Stroke 1","hd":false},{"ty":"tr","p":{"a":0,"k":[0,0]},"a":{"a":0,"k":[0,0]},"s":{"a":0,"k":[100,100]},"r":{"a":0,"k":0},"o":{"a":0,"k":100},"sk":{"a":0,"k":0},"sa":{"a":0,"k":0},"nm":"Transform"}],"nm":"Group 7","bm":0,"hd":false},{"ty":"gr","it":[{"ind":0,"ty":"sh","ks":{"a":0,"k":{"i":[[0,0],[0,0],[-0.726,10.365],[0,0],[0,0]],"o":[[0,0],[0,0],[0,0],[0,0],[0,0]],"v":[[-128.383,-53.393],[-148.87,-81.487],[-179.757,-86.669],[-142.547,-88.017],[-110.329,-61.352]],"c":true}},"nm":"Path 1","hd":false},{"ty":"fl","c":{"a":0,"k":[0.678431391716,0.364705890417,0.639215707779,1]},"o":{"a":0,"k":100},"r":1,"bm":0,"nm":"Fill 1","hd":false},{"ty":"tr","p":{"a":0,"k":[0,0]},"a":{"a":0,"k":[0,0]},"s":{"a":0,"k":[100,100]},"r":{"a":0,"k":0},"o":{"a":0,"k":100},"sk":{"a":0,"k":0},"sa":{"a":0,"k":0},"nm":"Transform"}],"nm":"Group 8","bm":0,"hd":false},{"ty":"gr","it":[{"ind":0,"ty":"sh","ks":{"a":0,"k":{"i":[[4.042,-8.467],[16.791,10.991],[0.311,16.169],[1.088,10.206],[-19.227,0.311],[-3.835,24.15],[-25.498,-3.731],[-34.826,-21.973],[-4.975,45.191],[24.668,-14.096],[-6.785,-28.918],[-6.012,-5.064],[36.484,-27.778],[0,0],[0,0],[16.636,3.493],[-11.66,11.888],[19.745,-4.82]],"o":[[0,0],[0,0],[0,0],[0,0],[0,0],[0,0],[0,0],[34.826,21.973],[0,0],[0,0],[0,0],[0,0],[0,0],[0,0],[0,0],[0,0],[0,0],[0,0]],"v":[[-171.362,-31.289],[-187.22,-23.647],[-223.601,-69.464],[-236.349,-103.723],[-223.03,-127.092],[-201.731,-145.231],[-178.202,-180.886],[-135.499,-174.46],[-60.043,-179.642],[-68.128,-134.866],[-96.679,-111.13],[-89.168,-96.708],[-109.38,-61.69],[-134.826,-49.408],[-126.421,-42.411],[-155.659,-21.387],[-148.507,-36.276],[-163.744,-43.033]],"c":true}},"nm":"Path 1","hd":false},{"ty":"st","c":{"a":0,"k":[0.494117647409,0.290196090937,0.117647059262,1]},"o":{"a":0,"k":100},"w":{"a":0,"k":1},"lc":1,"lj":1,"ml":10,"bm":0,"nm":"Stroke 1","hd":false},{"ty":"fl","c":{"a":0,"k":[0.796078443527,0.490196079016,0.701960802078,1]},"o":{"a":0,"k":100},"r":1,"bm":0,"nm":"Fill 1","hd":false},{"ty":"tr","p":{"a":0,"k":[0,0]},"a":{"a":0,"k":[0,0]},"s":{"a":0,"k":[100,100]},"r":{"a":0,"k":0},"o":{"a":0,"k":100},"sk":{"a":0,"k":0},"sa":{"a":0,"k":0},"nm":"Transform"}],"nm":"Group 9","bm":0,"hd":false},{"ty":"gr","it":[{"ind":0,"ty":"sh","ks":{"a":0,"k":{"i":[[0,0],[-2.612,-5.81],[0,0],[0,0]],"o":[[0,0],[0,0],[0,0],[0,0]],"v":[[-185.976,-59.721],[-156.354,-24.9],[-141.347,-42.31],[-186.494,-72.366]],"c":true}},"nm":"Path 1","hd":false},{"ty":"st","c":{"a":0,"k":[0.494117647409,0.290196090937,0.117647059262,1]},"o":{"a":0,"k":100},"w":{"a":0,"k":1},"lc":1,"lj":1,"ml":10,"bm":0,"nm":"Stroke 1","hd":false},{"ty":"fl","c":{"a":0,"k":[0.678431391716,0.364705890417,0.639215707779,1]},"o":{"a":0,"k":100},"r":1,"bm":0,"nm":"Fill 1","hd":false},{"ty":"tr","p":{"a":0,"k":[0,0]},"a":{"a":0,"k":[0,0]},"s":{"a":0,"k":[100,100]},"r":{"a":0,"k":0},"o":{"a":0,"k":100},"sk":{"a":0,"k":0},"sa":{"a":0,"k":0},"nm":"Transform"}],"nm":"Group 10","bm":0,"hd":false},{"ty":"tr","p":{"a":0,"k":[-145.897,-103.2]},"a":{"a":0,"k":[-145.897,-103.2]},"s":{"a":0,"k":[100,100]},"r":{"a":0,"k":39},"o":{"a":0,"k":100},"sk":{"a":0,"k":0},"sa":{"a":0,"k":0},"nm":"Transform"}],"nm":"Group 1","bm":0,"hd":false}],"ip":0,"op":6000,"st":0,"bm":0}],"markers":[]}