{"v":"5.7.4","fr":24,"ip":0,"op":96,"w":642,"h":596,"nm":"SB43_Scene 3","ddd":0,"assets":[{"id":"comp_0","layers":[{"ddd":0,"ind":1,"ty":4,"nm":"Mouth Neutral 2","parent":19,"sr":1,"ks":{"p":{"a":0,"k":[592.649,315.799,0]},"a":{"a":0,"k":[592.649,315.799,0]}},"ao":0,"shapes":[{"ty":"gr","it":[{"ind":0,"ty":"sh","ks":{"a":0,"k":{"i":[[0,0],[-2.265,-13.233]],"o":[[0,0],[0,0]],"v":[[-8.454,-5.733],[8.454,5.804]],"c":false}},"nm":"Path 1","hd":false},{"ty":"st","c":{"a":0,"k":[0.145098045468,0.129411771894,0.066666670144,1]},"o":{"a":0,"k":100},"w":{"a":0,"k":1},"lc":1,"lj":1,"ml":10,"bm":0,"nm":"Stroke 1","hd":false},{"ty":"tr","p":{"a":0,"k":[629.899,301.846]},"a":{"a":0,"k":[0,0]},"s":{"a":0,"k":[100,100]},"r":{"a":0,"k":0},"o":{"a":0,"k":100},"sk":{"a":0,"k":0},"sa":{"a":0,"k":0},"nm":"Transform"}],"nm":"Group 1","bm":0,"hd":false},{"ty":"gr","it":[{"ind":0,"ty":"sh","ks":{"a":0,"k":{"i":[[52.298,29.755],[-36.935,40.238]],"o":[[0,0],[0,0]],"v":[[-40.442,6.182],[40.442,-15.452]],"c":true}},"nm":"Path 1","hd":false},{"ty":"st","c":{"a":0,"k":[0.145098045468,0.129411771894,0.066666670144,1]},"o":{"a":0,"k":100},"w":{"a":0,"k":1},"lc":1,"lj":1,"ml":10,"bm":0,"nm":"Stroke 1","hd":false},{"ty":"fl","c":{"a":0,"k":[0.262745112181,0.086274512112,0.101960785687,1]},"o":{"a":0,"k":100},"r":1,"bm":0,"nm":"Fill 1","hd":false},{"ty":"tr","p":{"a":0,"k":[587.387,320.103]},"a":{"a":0,"k":[0,0]},"s":{"a":0,"k":[100,100]},"r":{"a":0,"k":0},"o":{"a":0,"k":100},"sk":{"a":0,"k":0},"sa":{"a":0,"k":0},"nm":"Transform"}],"nm":"Group 2","bm":0,"hd":false}],"ip":82,"op":96,"st":82,"bm":0},{"ddd":0,"ind":2,"ty":4,"nm":"Mouth Neutral","parent":19,"sr":1,"ks":{"p":{"a":0,"k":[592.649,315.799,0]},"a":{"a":0,"k":[592.649,315.799,0]}},"ao":0,"shapes":[{"ty":"gr","it":[{"ind":0,"ty":"sh","ks":{"a":0,"k":{"i":[[0,0],[-2.265,-13.233]],"o":[[0,0],[0,0]],"v":[[-8.454,-5.733],[8.454,5.804]],"c":false}},"nm":"Path 1","hd":false},{"ty":"st","c":{"a":0,"k":[0.145098045468,0.129411771894,0.066666670144,1]},"o":{"a":0,"k":100},"w":{"a":0,"k":1},"lc":1,"lj":1,"ml":10,"bm":0,"nm":"Stroke 1","hd":false},{"ty":"tr","p":{"a":0,"k":[629.899,301.846]},"a":{"a":0,"k":[0,0]},"s":{"a":0,"k":[100,100]},"r":{"a":0,"k":0},"o":{"a":0,"k":100},"sk":{"a":0,"k":0},"sa":{"a":0,"k":0},"nm":"Transform"}],"nm":"Group 1","bm":0,"hd":false},{"ty":"gr","it":[{"ind":0,"ty":"sh","ks":{"a":0,"k":{"i":[[52.298,29.755],[-36.935,40.238]],"o":[[0,0],[0,0]],"v":[[-40.442,6.182],[40.442,-15.452]],"c":true}},"nm":"Path 1","hd":false},{"ty":"st","c":{"a":0,"k":[0.145098045468,0.129411771894,0.066666670144,1]},"o":{"a":0,"k":100},"w":{"a":0,"k":1},"lc":1,"lj":1,"ml":10,"bm":0,"nm":"Stroke 1","hd":false},{"ty":"fl","c":{"a":0,"k":[0.262745112181,0.086274512112,0.101960785687,1]},"o":{"a":0,"k":100},"r":1,"bm":0,"nm":"Fill 1","hd":false},{"ty":"tr","p":{"a":0,"k":[587.387,320.103]},"a":{"a":0,"k":[0,0]},"s":{"a":0,"k":[100,100]},"r":{"a":0,"k":0},"o":{"a":0,"k":100},"sk":{"a":0,"k":0},"sa":{"a":0,"k":0},"nm":"Transform"}],"nm":"Group 2","bm":0,"hd":false}],"ip":0,"op":30,"st":0,"bm":0},{"ddd":0,"ind":3,"ty":4,"nm":"Mouth_uh","parent":19,"sr":1,"ks":{"p":{"a":0,"k":[589.578,324.989,0]},"a":{"a":0,"k":[589.578,324.989,0]}},"ao":0,"shapes":[{"ty":"gr","it":[{"ty":"gr","it":[{"ind":0,"ty":"sh","ks":{"a":0,"k":{"i":[[0,0],[-2.74,1.412],[-10.832,6.353],[0,0],[18.156,-9.505],[0,0],[0.08,2.301]],"o":[[0,0],[2.74,-1.412],[9.11,-5.343],[0,0],[-16.174,8.467],[0,0],[0,0]],"v":[[-22.329,7.556],[-20.627,3.036],[12.839,-5.317],[22.522,-14.232],[-1.223,9.392],[-21.933,12.641],[-22.329,7.556]],"c":false}},"nm":"Path 1","hd":false},{"ty":"fl","c":{"a":0,"k":[1,0.992156863213,0.952941179276,1]},"o":{"a":0,"k":100},"r":1,"bm":0,"nm":"Fill 1","hd":false},{"ty":"tr","p":{"a":0,"k":[600.044,345.964]},"a":{"a":0,"k":[0,0]},"s":{"a":0,"k":[100,100]},"r":{"a":0,"k":0},"o":{"a":0,"k":100},"sk":{"a":0,"k":0},"sa":{"a":0,"k":0},"nm":"Transform"}],"nm":"Group 1","bm":0,"hd":false},{"ty":"gr","it":[{"ind":0,"ty":"sh","ks":{"a":0,"k":{"i":[[0,0],[67.515,1.59]],"o":[[0,0],[0,0]],"v":[[43.243,-15.662],[-43.243,15.607]],"c":false}},"nm":"Path 1","hd":false},{"ty":"st","c":{"a":0,"k":[0.1254902035,0.113725490868,0.058823529631,1]},"o":{"a":0,"k":100},"w":{"a":0,"k":0.75},"lc":1,"lj":1,"ml":10,"bm":0,"nm":"Stroke 1","hd":false},{"ty":"tr","p":{"a":0,"k":[587.138,294.794]},"a":{"a":0,"k":[0,0]},"s":{"a":0,"k":[100,100]},"r":{"a":0,"k":0},"o":{"a":0,"k":100},"sk":{"a":0,"k":0},"sa":{"a":0,"k":0},"nm":"Transform"}],"nm":"Group 2","bm":0,"hd":false},{"ty":"gr","it":[{"ind":0,"ty":"sh","ks":{"a":0,"k":{"i":[[1.665,-0.047],[29.467,-0.428],[-11.777,2.842],[0,0],[-2.111,6.352]],"o":[[0,0],[0,0],[9.354,-2.257],[0,0],[0,0]],"v":[[14.304,-10.512],[-18.76,8.002],[-5.054,9.556],[7.946,4.145],[18.76,-9.188]],"c":true}},"nm":"Path 1","hd":false},{"ty":"fl","c":{"a":0,"k":[0.780392169952,0.411764711142,0.411764711142,1]},"o":{"a":0,"k":100},"r":1,"bm":0,"nm":"Fill 1","hd":false},{"ty":"tr","p":{"a":0,"k":[605.212,338.223]},"a":{"a":0,"k":[0,0]},"s":{"a":0,"k":[100,100]},"r":{"a":0,"k":0},"o":{"a":0,"k":100},"sk":{"a":0,"k":0},"sa":{"a":0,"k":0},"nm":"Transform"}],"nm":"Group 3","bm":0,"hd":false},{"ty":"gr","it":[{"ind":0,"ty":"sh","ks":{"a":0,"k":{"i":[[3.476,-5.359],[-5.419,1.088],[-5.612,-2.391],[0,0],[6.406,-0.668]],"o":[[0,0],[5.218,-1.047],[0,0],[0,0],[-4.1,0.428]],"v":[[-12.614,3.334],[-4.398,-1.433],[12.118,-0.638],[12.614,-1.751],[0.372,-3.204]],"c":true}},"nm":"Path 1","hd":false},{"ty":"fl","c":{"a":0,"k":[0.803921580315,0.274509817362,0.321568638086,1]},"o":{"a":0,"k":100},"r":1,"bm":0,"nm":"Fill 1","hd":false},{"ty":"tr","p":{"a":0,"k":[611.854,329.672]},"a":{"a":0,"k":[0,0]},"s":{"a":0,"k":[100,100]},"r":{"a":0,"k":0},"o":{"a":0,"k":100},"sk":{"a":0,"k":0},"sa":{"a":0,"k":0},"nm":"Transform"}],"nm":"Group 4","bm":0,"hd":false},{"ty":"gr","it":[{"ind":0,"ty":"sh","ks":{"a":0,"k":{"i":[[0,0],[-12.813,-1.718],[9.953,-2.262]],"o":[[0,0],[0,0],[-9.237,2.099]],"v":[[-9.653,2.725],[10.038,-1.483],[-3.172,-1.795]],"c":true}},"nm":"Path 1","hd":false},{"ty":"fl","c":{"a":0,"k":[0.803921580315,0.274509817362,0.321568638086,1]},"o":{"a":0,"k":100},"r":1,"bm":0,"nm":"Fill 1","hd":false},{"ty":"tr","p":{"a":0,"k":[593.273,330.882]},"a":{"a":0,"k":[0,0]},"s":{"a":0,"k":[100,100]},"r":{"a":0,"k":0},"o":{"a":0,"k":100},"sk":{"a":0,"k":0},"sa":{"a":0,"k":0},"nm":"Transform"}],"nm":"Group 5","bm":0,"hd":false},{"ty":"gr","it":[{"ind":0,"ty":"sh","ks":{"a":0,"k":{"i":[[1.242,1.58],[-12.118,-1.924],[-8.145,-4.35],[15.396,-4.172],[0.274,2.68]],"o":[[0,0],[0,0],[0,0],[-14.452,3.916],[-0.274,-2.68]],"v":[[-20.175,-4.287],[-0.484,-8.496],[20.175,-8.86],[-1.031,9.059],[-18.015,6.328]],"c":true}},"nm":"Path 1","hd":false},{"ty":"fl","c":{"a":0,"k":[0.96862745285,0.666666686535,0.674509823322,1]},"o":{"a":0,"k":100},"r":1,"bm":0,"nm":"Fill 1","hd":false},{"ty":"tr","p":{"a":0,"k":[603.796,337.895]},"a":{"a":0,"k":[0,0]},"s":{"a":0,"k":[100,100]},"r":{"a":0,"k":0},"o":{"a":0,"k":100},"sk":{"a":0,"k":0},"sa":{"a":0,"k":0},"nm":"Transform"}],"nm":"Group 6","bm":0,"hd":false},{"ty":"gr","it":[{"ind":0,"ty":"sh","ks":{"a":0,"k":{"i":[[0,0],[-3.904,-10.114]],"o":[[0,0],[0,0]],"v":[[-4.88,-5.323],[4.88,5.323]],"c":false}},"nm":"Path 1","hd":false},{"ty":"st","c":{"a":0,"k":[0.1254902035,0.113725490868,0.058823529631,1]},"o":{"a":0,"k":100},"w":{"a":0,"k":0.75},"lc":1,"lj":1,"ml":10,"bm":0,"nm":"Stroke 1","hd":false},{"ty":"tr","p":{"a":0,"k":[630.381,281.694]},"a":{"a":0,"k":[0,0]},"s":{"a":0,"k":[100,100]},"r":{"a":0,"k":0},"o":{"a":0,"k":100},"sk":{"a":0,"k":0},"sa":{"a":0,"k":0},"nm":"Transform"}],"nm":"Group 7","bm":0,"hd":false},{"ty":"gr","it":[{"ind":0,"ty":"sh","ks":{"a":0,"k":{"i":[[0,0],[-2.484,-2.129],[-12.953,12.953],[1.393,1.7],[0,0],[9.702,-1.532]],"o":[[0,0],[2.484,2.129],[12.953,-12.953],[0,0],[-3.689,2.289],[0,0]],"v":[[-31.589,5.747],[-26.795,17.915],[23.3,2.879],[29.119,-18.441],[16.537,-8.722],[-13.043,2.879]],"c":true}},"nm":"Path 1","hd":false},{"ty":"fl","c":{"a":0,"k":[1,0.992156863213,0.952941179276,1]},"o":{"a":0,"k":100},"r":1,"bm":0,"nm":"Fill 1","hd":false},{"ty":"tr","p":{"a":0,"k":[595.935,304.026]},"a":{"a":0,"k":[0,0]},"s":{"a":0,"k":[100,100]},"r":{"a":0,"k":0},"o":{"a":0,"k":100},"sk":{"a":0,"k":0},"sa":{"a":0,"k":0},"nm":"Transform"}],"nm":"Group 8","bm":0,"hd":false},{"ty":"gr","it":[{"ind":0,"ty":"sh","ks":{"a":0,"k":{"i":[[18.985,-1.346],[0,-26.337],[-7.452,37.617],[0.251,2.948],[23.919,-10.118]],"o":[[0,0],[0,8.517],[4.024,-20.311],[-0.235,-2.762],[-13.693,5.792]],"v":[[-40.505,-9.912],[-12.13,37.444],[37.735,-3.484],[40.036,-39.726],[11.469,-17.927]],"c":true}},"nm":"Path 1","hd":false},{"ty":"st","c":{"a":0,"k":[0.145098045468,0.129411771894,0.066666670144,1]},"o":{"a":0,"k":100},"w":{"a":0,"k":1},"lc":1,"lj":1,"ml":10,"bm":0,"nm":"Stroke 1","hd":false},{"ty":"fl","c":{"a":0,"k":[0.262745112181,0.086274512112,0.101960785687,1]},"o":{"a":0,"k":100},"r":1,"bm":0,"nm":"Fill 1","hd":false},{"ty":"tr","p":{"a":0,"k":[590.094,320.366]},"a":{"a":0,"k":[0,0]},"s":{"a":0,"k":[100,100]},"r":{"a":0,"k":0},"o":{"a":0,"k":100},"sk":{"a":0,"k":0},"sa":{"a":0,"k":0},"nm":"Transform"}],"nm":"Group 9","bm":0,"hd":false},{"ty":"tr","p":{"a":0,"k":[590.094,320.366]},"a":{"a":0,"k":[590.094,320.366]},"s":{"a":0,"k":[100,100]},"r":{"a":0,"k":0},"o":{"a":0,"k":100},"sk":{"a":0,"k":0},"sa":{"a":0,"k":0},"nm":"Transform"}],"nm":"Group 1","bm":0,"hd":false},{"ty":"gr","it":[{"ind":0,"ty":"sh","ks":{"a":0,"k":{"i":[[0,0],[-19.518,17.744]],"o":[[0,0],[0,0]],"v":[[-17.211,-0.05],[17.211,-4.641]],"c":false}},"nm":"Path 1","hd":false},{"ty":"st","c":{"a":0,"k":[0.494117647409,0.290196090937,0.117647059262,1]},"o":{"a":0,"k":100},"w":{"a":0,"k":1},"lc":1,"lj":1,"ml":10,"bm":0,"nm":"Stroke 1","hd":false},{"ty":"tr","p":{"a":0,"k":[591.175,368.965]},"a":{"a":0,"k":[0,0]},"s":{"a":0,"k":[100,100]},"r":{"a":0,"k":0},"o":{"a":0,"k":100},"sk":{"a":0,"k":0},"sa":{"a":0,"k":0},"nm":"Transform"}],"nm":"Group 2","bm":0,"hd":false}],"ip":30,"op":82,"st":0,"bm":0},{"ddd":0,"ind":4,"ty":4,"nm":"eye_04","parent":19,"sr":1,"ks":{"p":{"a":0,"k":[595.486,251.545,0]},"a":{"a":0,"k":[595.486,251.545,0]}},"ao":0,"shapes":[{"ty":"gr","it":[{"ty":"gr","it":[{"ind":0,"ty":"sh","ks":{"a":0,"k":{"i":[[4.534,-12.741],[12.741,4.534],[-4.534,12.741],[-12.741,-4.534]],"o":[[-4.534,12.741],[-12.741,-4.534],[4.534,-12.741],[12.741,4.534]],"v":[[23.069,8.209],[-8.209,23.069],[-23.069,-8.209],[8.209,-23.069]],"c":true}},"nm":"Path 1","hd":false},{"ty":"st","c":{"a":0,"k":[0.105882354081,0.392156869173,0.584313750267,1]},"o":{"a":0,"k":100},"w":{"a":0,"k":0.75},"lc":1,"lj":1,"ml":10,"bm":0,"nm":"Stroke 1","hd":false},{"ty":"fl","c":{"a":0,"k":[0.156862750649,0.494117647409,0.717647075653,1]},"o":{"a":0,"k":100},"r":1,"bm":0,"nm":"Fill 1","hd":false},{"ty":"tr","p":{"a":0,"k":[0,0]},"a":{"a":0,"k":[0,0]},"s":{"a":0,"k":[100,100]},"r":{"a":0,"k":0},"o":{"a":0,"k":100},"sk":{"a":0,"k":0},"sa":{"a":0,"k":0},"nm":"Transform"}],"nm":"Group 1","bm":0,"hd":false},{"ty":"tr","p":{"a":0,"k":[569.14,251.424]},"a":{"a":0,"k":[0,0]},"s":{"a":0,"k":[100,100]},"r":{"a":0,"k":0},"o":{"a":0,"k":100},"sk":{"a":0,"k":0},"sa":{"a":0,"k":0},"nm":"Transform"}],"nm":"Group 1","bm":0,"hd":false},{"ty":"gr","it":[{"ty":"gr","it":[{"ind":0,"ty":"sh","ks":{"a":0,"k":{"i":[[4.534,-12.741],[12.741,4.534],[-4.534,12.741],[-12.741,-4.534]],"o":[[-4.534,12.741],[-12.741,-4.534],[4.534,-12.741],[12.741,4.534]],"v":[[23.069,8.209],[-8.209,23.069],[-23.069,-8.209],[8.209,-23.069]],"c":true}},"nm":"Path 1","hd":false},{"ty":"st","c":{"a":0,"k":[0.105882354081,0.392156869173,0.584313750267,1]},"o":{"a":0,"k":100},"w":{"a":0,"k":0.75},"lc":1,"lj":1,"ml":10,"bm":0,"nm":"Stroke 1","hd":false},{"ty":"fl","c":{"a":0,"k":[0.156862750649,0.494117647409,0.717647075653,1]},"o":{"a":0,"k":100},"r":1,"bm":0,"nm":"Fill 1","hd":false},{"ty":"tr","p":{"a":0,"k":[0,0]},"a":{"a":0,"k":[0,0]},"s":{"a":0,"k":[100,100]},"r":{"a":0,"k":0},"o":{"a":0,"k":100},"sk":{"a":0,"k":0},"sa":{"a":0,"k":0},"nm":"Transform"}],"nm":"Group 1","bm":0,"hd":false},{"ty":"tr","p":{"a":0,"k":[621.832,251.666]},"a":{"a":0,"k":[0,0]},"s":{"a":0,"k":[100,100]},"r":{"a":0,"k":0},"o":{"a":0,"k":100},"sk":{"a":0,"k":0},"sa":{"a":0,"k":0},"nm":"Transform"}],"nm":"Group 2","bm":0,"hd":false}],"ip":86,"op":88,"st":84,"bm":0},{"ddd":0,"ind":5,"ty":4,"nm":"eye_05","parent":19,"sr":1,"ks":{"p":{"a":0,"k":[595.465,244.056,0]},"a":{"a":0,"k":[595.465,244.056,0]}},"ao":0,"shapes":[{"ty":"gr","it":[{"ty":"gr","it":[{"ind":0,"ty":"sh","ks":{"a":0,"k":{"i":[[0.779,-2.662],[17.637,7.767],[-19.92,11.82],[-7.398,-28.256]],"o":[[0,0],[0,0],[0,0],[0.886,3.383]],"v":[[23.708,13.702],[-24.172,12.85],[-9.339,-15.21],[24.353,4.152]],"c":true}},"nm":"Path 1","hd":false},{"ty":"st","c":{"a":0,"k":[0.105882354081,0.392156869173,0.584313750267,1]},"o":{"a":0,"k":100},"w":{"a":0,"k":0.75},"lc":1,"lj":1,"ml":10,"bm":0,"nm":"Stroke 1","hd":false},{"ty":"fl","c":{"a":0,"k":[0.156862750649,0.494117647409,0.717647075653,1]},"o":{"a":0,"k":100},"r":1,"bm":0,"nm":"Fill 1","hd":false},{"ty":"tr","p":{"a":0,"k":[0,0]},"a":{"a":0,"k":[0,0]},"s":{"a":0,"k":[100,100]},"r":{"a":0,"k":0},"o":{"a":0,"k":100},"sk":{"a":0,"k":0},"sa":{"a":0,"k":0},"nm":"Transform"}],"nm":"Group 1","bm":0,"hd":false},{"ty":"tr","p":{"a":0,"k":[569.28,243.269]},"a":{"a":0,"k":[0,0]},"s":{"a":0,"k":[100,100]},"r":{"a":0,"k":0},"o":{"a":0,"k":100},"sk":{"a":0,"k":0},"sa":{"a":0,"k":0},"nm":"Transform"}],"nm":"Group 1","bm":0,"hd":false},{"ty":"gr","it":[{"ty":"gr","it":[{"ind":0,"ty":"sh","ks":{"a":0,"k":{"i":[[-1.686,-5.364],[-16.569,0.309],[6.706,12],[9.269,-2.474],[0.837,-5.072]],"o":[[0,0],[0,0],[-6.706,-12],[-9.269,2.474],[0,0]],"v":[[-23.984,11.939],[22.545,17.027],[21.29,-5.164],[-7.382,-15.999],[-23.546,0.84]],"c":true}},"nm":"Path 1","hd":false},{"ty":"st","c":{"a":0,"k":[0.105882354081,0.392156869173,0.584313750267,1]},"o":{"a":0,"k":100},"w":{"a":0,"k":0.75},"lc":1,"lj":1,"ml":10,"bm":0,"nm":"Stroke 1","hd":false},{"ty":"fl","c":{"a":0,"k":[0.156862750649,0.494117647409,0.717647075653,1]},"o":{"a":0,"k":100},"r":1,"bm":0,"nm":"Fill 1","hd":false},{"ty":"tr","p":{"a":0,"k":[0,0]},"a":{"a":0,"k":[0,0]},"s":{"a":0,"k":[100,100]},"r":{"a":0,"k":0},"o":{"a":0,"k":100},"sk":{"a":0,"k":0},"sa":{"a":0,"k":0},"nm":"Transform"}],"nm":"Group 1","bm":0,"hd":false},{"ty":"tr","p":{"a":0,"k":[621.769,244.341]},"a":{"a":0,"k":[0,0]},"s":{"a":0,"k":[100,100]},"r":{"a":0,"k":0},"o":{"a":0,"k":100},"sk":{"a":0,"k":0},"sa":{"a":0,"k":0},"nm":"Transform"}],"nm":"Group 2","bm":0,"hd":false}],"ip":88,"op":90,"st":86,"bm":0},{"ddd":0,"ind":6,"ty":4,"nm":"eye_03","parent":19,"sr":1,"ks":{"p":{"a":0,"k":[595.465,244.056,0]},"a":{"a":0,"k":[595.465,244.056,0]}},"ao":0,"shapes":[{"ty":"gr","it":[{"ty":"gr","it":[{"ind":0,"ty":"sh","ks":{"a":0,"k":{"i":[[0.779,-2.662],[17.637,7.767],[-19.92,11.82],[-7.398,-28.256]],"o":[[0,0],[0,0],[0,0],[0.886,3.383]],"v":[[23.708,13.702],[-24.172,12.85],[-9.339,-15.21],[24.353,4.152]],"c":true}},"nm":"Path 1","hd":false},{"ty":"st","c":{"a":0,"k":[0.105882354081,0.392156869173,0.584313750267,1]},"o":{"a":0,"k":100},"w":{"a":0,"k":0.75},"lc":1,"lj":1,"ml":10,"bm":0,"nm":"Stroke 1","hd":false},{"ty":"fl","c":{"a":0,"k":[0.156862750649,0.494117647409,0.717647075653,1]},"o":{"a":0,"k":100},"r":1,"bm":0,"nm":"Fill 1","hd":false},{"ty":"tr","p":{"a":0,"k":[0,0]},"a":{"a":0,"k":[0,0]},"s":{"a":0,"k":[100,100]},"r":{"a":0,"k":0},"o":{"a":0,"k":100},"sk":{"a":0,"k":0},"sa":{"a":0,"k":0},"nm":"Transform"}],"nm":"Group 1","bm":0,"hd":false},{"ty":"tr","p":{"a":0,"k":[569.28,243.269]},"a":{"a":0,"k":[0,0]},"s":{"a":0,"k":[100,100]},"r":{"a":0,"k":0},"o":{"a":0,"k":100},"sk":{"a":0,"k":0},"sa":{"a":0,"k":0},"nm":"Transform"}],"nm":"Group 1","bm":0,"hd":false},{"ty":"gr","it":[{"ty":"gr","it":[{"ind":0,"ty":"sh","ks":{"a":0,"k":{"i":[[-1.686,-5.364],[-16.569,0.309],[6.706,12],[9.269,-2.474],[0.837,-5.072]],"o":[[0,0],[0,0],[-6.706,-12],[-9.269,2.474],[0,0]],"v":[[-23.984,11.939],[22.545,17.027],[21.29,-5.164],[-7.382,-15.999],[-23.546,0.84]],"c":true}},"nm":"Path 1","hd":false},{"ty":"st","c":{"a":0,"k":[0.105882354081,0.392156869173,0.584313750267,1]},"o":{"a":0,"k":100},"w":{"a":0,"k":0.75},"lc":1,"lj":1,"ml":10,"bm":0,"nm":"Stroke 1","hd":false},{"ty":"fl","c":{"a":0,"k":[0.156862750649,0.494117647409,0.717647075653,1]},"o":{"a":0,"k":100},"r":1,"bm":0,"nm":"Fill 1","hd":false},{"ty":"tr","p":{"a":0,"k":[0,0]},"a":{"a":0,"k":[0,0]},"s":{"a":0,"k":[100,100]},"r":{"a":0,"k":0},"o":{"a":0,"k":100},"sk":{"a":0,"k":0},"sa":{"a":0,"k":0},"nm":"Transform"}],"nm":"Group 1","bm":0,"hd":false},{"ty":"tr","p":{"a":0,"k":[621.769,244.341]},"a":{"a":0,"k":[0,0]},"s":{"a":0,"k":[100,100]},"r":{"a":0,"k":0},"o":{"a":0,"k":100},"sk":{"a":0,"k":0},"sa":{"a":0,"k":0},"nm":"Transform"}],"nm":"Group 2","bm":0,"hd":false}],"ip":84,"op":86,"st":82,"bm":0},{"ddd":0,"ind":7,"ty":4,"nm":"eye_06","parent":19,"sr":1,"ks":{"p":{"a":0,"k":[595.808,234.032,0]},"a":{"a":0,"k":[595.808,234.032,0]}},"ao":0,"shapes":[{"ty":"gr","it":[{"ty":"gr","it":[{"ind":0,"ty":"sh","ks":{"a":0,"k":{"i":[[2.449,-5.956],[-27.617,-8.132],[15.748,3.29]],"o":[[0,0],[0,0],[-15.008,-3.135]],"v":[[-22.517,7.167],[22.517,8.172],[3.832,-7.658]],"c":true}},"nm":"Path 1","hd":false},{"ty":"st","c":{"a":0,"k":[0.105882354081,0.392156869173,0.584313750267,1]},"o":{"a":0,"k":100},"w":{"a":0,"k":0.75},"lc":1,"lj":1,"ml":10,"bm":0,"nm":"Stroke 1","hd":false},{"ty":"fl","c":{"a":0,"k":[0.156862750649,0.494117647409,0.717647075653,1]},"o":{"a":0,"k":100},"r":1,"bm":0,"nm":"Fill 1","hd":false},{"ty":"tr","p":{"a":0,"k":[0,0]},"a":{"a":0,"k":[0,0]},"s":{"a":0,"k":[100,100]},"r":{"a":0,"k":0},"o":{"a":0,"k":100},"sk":{"a":0,"k":0},"sa":{"a":0,"k":0},"nm":"Transform"}],"nm":"Group 1","bm":0,"hd":false},{"ty":"tr","p":{"a":0,"k":[569.462,233.911]},"a":{"a":0,"k":[0,0]},"s":{"a":0,"k":[100,100]},"r":{"a":0,"k":0},"o":{"a":0,"k":100},"sk":{"a":0,"k":0},"sa":{"a":0,"k":0},"nm":"Transform"}],"nm":"Group 1","bm":0,"hd":false},{"ty":"gr","it":[{"ty":"gr","it":[{"ind":0,"ty":"sh","ks":{"a":0,"k":{"i":[[2.449,-5.956],[-27.617,-8.132],[15.447,4.497]],"o":[[0,0],[0,0],[-11.6,-3.377]],"v":[[-22.517,6.657],[22.517,7.662],[4.351,-7.036]],"c":true}},"nm":"Path 1","hd":false},{"ty":"st","c":{"a":0,"k":[0.105882354081,0.392156869173,0.584313750267,1]},"o":{"a":0,"k":100},"w":{"a":0,"k":0.75},"lc":1,"lj":1,"ml":10,"bm":0,"nm":"Stroke 1","hd":false},{"ty":"fl","c":{"a":0,"k":[0.156862750649,0.494117647409,0.717647075653,1]},"o":{"a":0,"k":100},"r":1,"bm":0,"nm":"Fill 1","hd":false},{"ty":"tr","p":{"a":0,"k":[0,0]},"a":{"a":0,"k":[0,0]},"s":{"a":0,"k":[100,100]},"r":{"a":0,"k":0},"o":{"a":0,"k":100},"sk":{"a":0,"k":0},"sa":{"a":0,"k":0},"nm":"Transform"}],"nm":"Group 1","bm":0,"hd":false},{"ty":"tr","p":{"a":0,"k":[622.154,234.663]},"a":{"a":0,"k":[0,0]},"s":{"a":0,"k":[100,100]},"r":{"a":0,"k":0},"o":{"a":0,"k":100},"sk":{"a":0,"k":0},"sa":{"a":0,"k":0},"nm":"Transform"}],"nm":"Group 2","bm":0,"hd":false}],"ip":90,"op":92,"st":88,"bm":0},{"ddd":0,"ind":8,"ty":4,"nm":"eye_02","parent":19,"sr":1,"ks":{"p":{"a":0,"k":[595.808,234.032,0]},"a":{"a":0,"k":[595.808,234.032,0]}},"ao":0,"shapes":[{"ty":"gr","it":[{"ty":"gr","it":[{"ind":0,"ty":"sh","ks":{"a":0,"k":{"i":[[2.449,-5.956],[-27.617,-8.132],[15.748,3.29]],"o":[[0,0],[0,0],[-15.008,-3.135]],"v":[[-22.517,7.167],[22.517,8.172],[3.832,-7.658]],"c":true}},"nm":"Path 1","hd":false},{"ty":"st","c":{"a":0,"k":[0.105882354081,0.392156869173,0.584313750267,1]},"o":{"a":0,"k":100},"w":{"a":0,"k":0.75},"lc":1,"lj":1,"ml":10,"bm":0,"nm":"Stroke 1","hd":false},{"ty":"fl","c":{"a":0,"k":[0.156862750649,0.494117647409,0.717647075653,1]},"o":{"a":0,"k":100},"r":1,"bm":0,"nm":"Fill 1","hd":false},{"ty":"tr","p":{"a":0,"k":[0,0]},"a":{"a":0,"k":[0,0]},"s":{"a":0,"k":[100,100]},"r":{"a":0,"k":0},"o":{"a":0,"k":100},"sk":{"a":0,"k":0},"sa":{"a":0,"k":0},"nm":"Transform"}],"nm":"Group 1","bm":0,"hd":false},{"ty":"tr","p":{"a":0,"k":[569.462,233.911]},"a":{"a":0,"k":[0,0]},"s":{"a":0,"k":[100,100]},"r":{"a":0,"k":0},"o":{"a":0,"k":100},"sk":{"a":0,"k":0},"sa":{"a":0,"k":0},"nm":"Transform"}],"nm":"Group 1","bm":0,"hd":false},{"ty":"gr","it":[{"ty":"gr","it":[{"ind":0,"ty":"sh","ks":{"a":0,"k":{"i":[[2.449,-5.956],[-27.617,-8.132],[15.447,4.497]],"o":[[0,0],[0,0],[-11.6,-3.377]],"v":[[-22.517,6.657],[22.517,7.662],[4.351,-7.036]],"c":true}},"nm":"Path 1","hd":false},{"ty":"st","c":{"a":0,"k":[0.105882354081,0.392156869173,0.584313750267,1]},"o":{"a":0,"k":100},"w":{"a":0,"k":0.75},"lc":1,"lj":1,"ml":10,"bm":0,"nm":"Stroke 1","hd":false},{"ty":"fl","c":{"a":0,"k":[0.156862750649,0.494117647409,0.717647075653,1]},"o":{"a":0,"k":100},"r":1,"bm":0,"nm":"Fill 1","hd":false},{"ty":"tr","p":{"a":0,"k":[0,0]},"a":{"a":0,"k":[0,0]},"s":{"a":0,"k":[100,100]},"r":{"a":0,"k":0},"o":{"a":0,"k":100},"sk":{"a":0,"k":0},"sa":{"a":0,"k":0},"nm":"Transform"}],"nm":"Group 1","bm":0,"hd":false},{"ty":"tr","p":{"a":0,"k":[622.154,234.663]},"a":{"a":0,"k":[0,0]},"s":{"a":0,"k":[100,100]},"r":{"a":0,"k":0},"o":{"a":0,"k":100},"sk":{"a":0,"k":0},"sa":{"a":0,"k":0},"nm":"Transform"}],"nm":"Group 2","bm":0,"hd":false}],"ip":82,"op":84,"st":80,"bm":0},{"ddd":0,"ind":9,"ty":4,"nm":"eye_11","parent":19,"sr":1,"ks":{"p":{"a":0,"k":[595.486,251.545,0]},"a":{"a":0,"k":[595.486,251.545,0]}},"ao":0,"shapes":[{"ty":"gr","it":[{"ty":"gr","it":[{"ind":0,"ty":"sh","ks":{"a":0,"k":{"i":[[4.534,-12.741],[12.741,4.534],[-4.534,12.741],[-12.741,-4.534]],"o":[[-4.534,12.741],[-12.741,-4.534],[4.534,-12.741],[12.741,4.534]],"v":[[23.069,8.209],[-8.209,23.069],[-23.069,-8.209],[8.209,-23.069]],"c":true}},"nm":"Path 1","hd":false},{"ty":"st","c":{"a":0,"k":[0.105882354081,0.392156869173,0.584313750267,1]},"o":{"a":0,"k":100},"w":{"a":0,"k":0.75},"lc":1,"lj":1,"ml":10,"bm":0,"nm":"Stroke 1","hd":false},{"ty":"fl","c":{"a":0,"k":[0.156862750649,0.494117647409,0.717647075653,1]},"o":{"a":0,"k":100},"r":1,"bm":0,"nm":"Fill 1","hd":false},{"ty":"tr","p":{"a":0,"k":[0,0]},"a":{"a":0,"k":[0,0]},"s":{"a":0,"k":[100,100]},"r":{"a":0,"k":0},"o":{"a":0,"k":100},"sk":{"a":0,"k":0},"sa":{"a":0,"k":0},"nm":"Transform"}],"nm":"Group 1","bm":0,"hd":false},{"ty":"tr","p":{"a":0,"k":[569.14,251.424]},"a":{"a":0,"k":[0,0]},"s":{"a":0,"k":[100,100]},"r":{"a":0,"k":0},"o":{"a":0,"k":100},"sk":{"a":0,"k":0},"sa":{"a":0,"k":0},"nm":"Transform"}],"nm":"Group 1","bm":0,"hd":false},{"ty":"gr","it":[{"ty":"gr","it":[{"ind":0,"ty":"sh","ks":{"a":0,"k":{"i":[[4.534,-12.741],[12.741,4.534],[-4.534,12.741],[-12.741,-4.534]],"o":[[-4.534,12.741],[-12.741,-4.534],[4.534,-12.741],[12.741,4.534]],"v":[[23.069,8.209],[-8.209,23.069],[-23.069,-8.209],[8.209,-23.069]],"c":true}},"nm":"Path 1","hd":false},{"ty":"st","c":{"a":0,"k":[0.105882354081,0.392156869173,0.584313750267,1]},"o":{"a":0,"k":100},"w":{"a":0,"k":0.75},"lc":1,"lj":1,"ml":10,"bm":0,"nm":"Stroke 1","hd":false},{"ty":"fl","c":{"a":0,"k":[0.156862750649,0.494117647409,0.717647075653,1]},"o":{"a":0,"k":100},"r":1,"bm":0,"nm":"Fill 1","hd":false},{"ty":"tr","p":{"a":0,"k":[0,0]},"a":{"a":0,"k":[0,0]},"s":{"a":0,"k":[100,100]},"r":{"a":0,"k":0},"o":{"a":0,"k":100},"sk":{"a":0,"k":0},"sa":{"a":0,"k":0},"nm":"Transform"}],"nm":"Group 1","bm":0,"hd":false},{"ty":"tr","p":{"a":0,"k":[621.832,251.666]},"a":{"a":0,"k":[0,0]},"s":{"a":0,"k":[100,100]},"r":{"a":0,"k":0},"o":{"a":0,"k":100},"sk":{"a":0,"k":0},"sa":{"a":0,"k":0},"nm":"Transform"}],"nm":"Group 2","bm":0,"hd":false}],"ip":41,"op":43,"st":39,"bm":0},{"ddd":0,"ind":10,"ty":4,"nm":"eye_10","parent":19,"sr":1,"ks":{"p":{"a":0,"k":[595.465,244.056,0]},"a":{"a":0,"k":[595.465,244.056,0]}},"ao":0,"shapes":[{"ty":"gr","it":[{"ty":"gr","it":[{"ind":0,"ty":"sh","ks":{"a":0,"k":{"i":[[0.779,-2.662],[17.637,7.767],[-19.92,11.82],[-7.398,-28.256]],"o":[[0,0],[0,0],[0,0],[0.886,3.383]],"v":[[23.708,13.702],[-24.172,12.85],[-9.339,-15.21],[24.353,4.152]],"c":true}},"nm":"Path 1","hd":false},{"ty":"st","c":{"a":0,"k":[0.105882354081,0.392156869173,0.584313750267,1]},"o":{"a":0,"k":100},"w":{"a":0,"k":0.75},"lc":1,"lj":1,"ml":10,"bm":0,"nm":"Stroke 1","hd":false},{"ty":"fl","c":{"a":0,"k":[0.156862750649,0.494117647409,0.717647075653,1]},"o":{"a":0,"k":100},"r":1,"bm":0,"nm":"Fill 1","hd":false},{"ty":"tr","p":{"a":0,"k":[0,0]},"a":{"a":0,"k":[0,0]},"s":{"a":0,"k":[100,100]},"r":{"a":0,"k":0},"o":{"a":0,"k":100},"sk":{"a":0,"k":0},"sa":{"a":0,"k":0},"nm":"Transform"}],"nm":"Group 1","bm":0,"hd":false},{"ty":"tr","p":{"a":0,"k":[569.28,243.269]},"a":{"a":0,"k":[0,0]},"s":{"a":0,"k":[100,100]},"r":{"a":0,"k":0},"o":{"a":0,"k":100},"sk":{"a":0,"k":0},"sa":{"a":0,"k":0},"nm":"Transform"}],"nm":"Group 1","bm":0,"hd":false},{"ty":"gr","it":[{"ty":"gr","it":[{"ind":0,"ty":"sh","ks":{"a":0,"k":{"i":[[-1.686,-5.364],[-16.569,0.309],[6.706,12],[9.269,-2.474],[0.837,-5.072]],"o":[[0,0],[0,0],[-6.706,-12],[-9.269,2.474],[0,0]],"v":[[-23.984,11.939],[22.545,17.027],[21.29,-5.164],[-7.382,-15.999],[-23.546,0.84]],"c":true}},"nm":"Path 1","hd":false},{"ty":"st","c":{"a":0,"k":[0.105882354081,0.392156869173,0.584313750267,1]},"o":{"a":0,"k":100},"w":{"a":0,"k":0.75},"lc":1,"lj":1,"ml":10,"bm":0,"nm":"Stroke 1","hd":false},{"ty":"fl","c":{"a":0,"k":[0.156862750649,0.494117647409,0.717647075653,1]},"o":{"a":0,"k":100},"r":1,"bm":0,"nm":"Fill 1","hd":false},{"ty":"tr","p":{"a":0,"k":[0,0]},"a":{"a":0,"k":[0,0]},"s":{"a":0,"k":[100,100]},"r":{"a":0,"k":0},"o":{"a":0,"k":100},"sk":{"a":0,"k":0},"sa":{"a":0,"k":0},"nm":"Transform"}],"nm":"Group 1","bm":0,"hd":false},{"ty":"tr","p":{"a":0,"k":[621.769,244.341]},"a":{"a":0,"k":[0,0]},"s":{"a":0,"k":[100,100]},"r":{"a":0,"k":0},"o":{"a":0,"k":100},"sk":{"a":0,"k":0},"sa":{"a":0,"k":0},"nm":"Transform"}],"nm":"Group 2","bm":0,"hd":false}],"ip":43,"op":45,"st":41,"bm":0},{"ddd":0,"ind":11,"ty":4,"nm":"eye_09","parent":19,"sr":1,"ks":{"p":{"a":0,"k":[595.465,244.056,0]},"a":{"a":0,"k":[595.465,244.056,0]}},"ao":0,"shapes":[{"ty":"gr","it":[{"ty":"gr","it":[{"ind":0,"ty":"sh","ks":{"a":0,"k":{"i":[[0.779,-2.662],[17.637,7.767],[-19.92,11.82],[-7.398,-28.256]],"o":[[0,0],[0,0],[0,0],[0.886,3.383]],"v":[[23.708,13.702],[-24.172,12.85],[-9.339,-15.21],[24.353,4.152]],"c":true}},"nm":"Path 1","hd":false},{"ty":"st","c":{"a":0,"k":[0.105882354081,0.392156869173,0.584313750267,1]},"o":{"a":0,"k":100},"w":{"a":0,"k":0.75},"lc":1,"lj":1,"ml":10,"bm":0,"nm":"Stroke 1","hd":false},{"ty":"fl","c":{"a":0,"k":[0.156862750649,0.494117647409,0.717647075653,1]},"o":{"a":0,"k":100},"r":1,"bm":0,"nm":"Fill 1","hd":false},{"ty":"tr","p":{"a":0,"k":[0,0]},"a":{"a":0,"k":[0,0]},"s":{"a":0,"k":[100,100]},"r":{"a":0,"k":0},"o":{"a":0,"k":100},"sk":{"a":0,"k":0},"sa":{"a":0,"k":0},"nm":"Transform"}],"nm":"Group 1","bm":0,"hd":false},{"ty":"tr","p":{"a":0,"k":[569.28,243.269]},"a":{"a":0,"k":[0,0]},"s":{"a":0,"k":[100,100]},"r":{"a":0,"k":0},"o":{"a":0,"k":100},"sk":{"a":0,"k":0},"sa":{"a":0,"k":0},"nm":"Transform"}],"nm":"Group 1","bm":0,"hd":false},{"ty":"gr","it":[{"ty":"gr","it":[{"ind":0,"ty":"sh","ks":{"a":0,"k":{"i":[[-1.686,-5.364],[-16.569,0.309],[6.706,12],[9.269,-2.474],[0.837,-5.072]],"o":[[0,0],[0,0],[-6.706,-12],[-9.269,2.474],[0,0]],"v":[[-23.984,11.939],[22.545,17.027],[21.29,-5.164],[-7.382,-15.999],[-23.546,0.84]],"c":true}},"nm":"Path 1","hd":false},{"ty":"st","c":{"a":0,"k":[0.105882354081,0.392156869173,0.584313750267,1]},"o":{"a":0,"k":100},"w":{"a":0,"k":0.75},"lc":1,"lj":1,"ml":10,"bm":0,"nm":"Stroke 1","hd":false},{"ty":"fl","c":{"a":0,"k":[0.156862750649,0.494117647409,0.717647075653,1]},"o":{"a":0,"k":100},"r":1,"bm":0,"nm":"Fill 1","hd":false},{"ty":"tr","p":{"a":0,"k":[0,0]},"a":{"a":0,"k":[0,0]},"s":{"a":0,"k":[100,100]},"r":{"a":0,"k":0},"o":{"a":0,"k":100},"sk":{"a":0,"k":0},"sa":{"a":0,"k":0},"nm":"Transform"}],"nm":"Group 1","bm":0,"hd":false},{"ty":"tr","p":{"a":0,"k":[621.769,244.341]},"a":{"a":0,"k":[0,0]},"s":{"a":0,"k":[100,100]},"r":{"a":0,"k":0},"o":{"a":0,"k":100},"sk":{"a":0,"k":0},"sa":{"a":0,"k":0},"nm":"Transform"}],"nm":"Group 2","bm":0,"hd":false}],"ip":39,"op":41,"st":37,"bm":0},{"ddd":0,"ind":12,"ty":4,"nm":"eye_08","parent":19,"sr":1,"ks":{"p":{"a":0,"k":[595.808,234.032,0]},"a":{"a":0,"k":[595.808,234.032,0]}},"ao":0,"shapes":[{"ty":"gr","it":[{"ty":"gr","it":[{"ind":0,"ty":"sh","ks":{"a":0,"k":{"i":[[2.449,-5.956],[-27.617,-8.132],[15.748,3.29]],"o":[[0,0],[0,0],[-15.008,-3.135]],"v":[[-22.517,7.167],[22.517,8.172],[3.832,-7.658]],"c":true}},"nm":"Path 1","hd":false},{"ty":"st","c":{"a":0,"k":[0.105882354081,0.392156869173,0.584313750267,1]},"o":{"a":0,"k":100},"w":{"a":0,"k":0.75},"lc":1,"lj":1,"ml":10,"bm":0,"nm":"Stroke 1","hd":false},{"ty":"fl","c":{"a":0,"k":[0.156862750649,0.494117647409,0.717647075653,1]},"o":{"a":0,"k":100},"r":1,"bm":0,"nm":"Fill 1","hd":false},{"ty":"tr","p":{"a":0,"k":[0,0]},"a":{"a":0,"k":[0,0]},"s":{"a":0,"k":[100,100]},"r":{"a":0,"k":0},"o":{"a":0,"k":100},"sk":{"a":0,"k":0},"sa":{"a":0,"k":0},"nm":"Transform"}],"nm":"Group 1","bm":0,"hd":false},{"ty":"tr","p":{"a":0,"k":[569.462,233.911]},"a":{"a":0,"k":[0,0]},"s":{"a":0,"k":[100,100]},"r":{"a":0,"k":0},"o":{"a":0,"k":100},"sk":{"a":0,"k":0},"sa":{"a":0,"k":0},"nm":"Transform"}],"nm":"Group 1","bm":0,"hd":false},{"ty":"gr","it":[{"ty":"gr","it":[{"ind":0,"ty":"sh","ks":{"a":0,"k":{"i":[[2.449,-5.956],[-27.617,-8.132],[15.447,4.497]],"o":[[0,0],[0,0],[-11.6,-3.377]],"v":[[-22.517,6.657],[22.517,7.662],[4.351,-7.036]],"c":true}},"nm":"Path 1","hd":false},{"ty":"st","c":{"a":0,"k":[0.105882354081,0.392156869173,0.584313750267,1]},"o":{"a":0,"k":100},"w":{"a":0,"k":0.75},"lc":1,"lj":1,"ml":10,"bm":0,"nm":"Stroke 1","hd":false},{"ty":"fl","c":{"a":0,"k":[0.156862750649,0.494117647409,0.717647075653,1]},"o":{"a":0,"k":100},"r":1,"bm":0,"nm":"Fill 1","hd":false},{"ty":"tr","p":{"a":0,"k":[0,0]},"a":{"a":0,"k":[0,0]},"s":{"a":0,"k":[100,100]},"r":{"a":0,"k":0},"o":{"a":0,"k":100},"sk":{"a":0,"k":0},"sa":{"a":0,"k":0},"nm":"Transform"}],"nm":"Group 1","bm":0,"hd":false},{"ty":"tr","p":{"a":0,"k":[622.154,234.663]},"a":{"a":0,"k":[0,0]},"s":{"a":0,"k":[100,100]},"r":{"a":0,"k":0},"o":{"a":0,"k":100},"sk":{"a":0,"k":0},"sa":{"a":0,"k":0},"nm":"Transform"}],"nm":"Group 2","bm":0,"hd":false}],"ip":45,"op":47,"st":43,"bm":0},{"ddd":0,"ind":13,"ty":4,"nm":"eye_07","parent":19,"sr":1,"ks":{"p":{"a":0,"k":[595.808,234.032,0]},"a":{"a":0,"k":[595.808,234.032,0]}},"ao":0,"shapes":[{"ty":"gr","it":[{"ty":"gr","it":[{"ind":0,"ty":"sh","ks":{"a":0,"k":{"i":[[2.449,-5.956],[-27.617,-8.132],[15.748,3.29]],"o":[[0,0],[0,0],[-15.008,-3.135]],"v":[[-22.517,7.167],[22.517,8.172],[3.832,-7.658]],"c":true}},"nm":"Path 1","hd":false},{"ty":"st","c":{"a":0,"k":[0.105882354081,0.392156869173,0.584313750267,1]},"o":{"a":0,"k":100},"w":{"a":0,"k":0.75},"lc":1,"lj":1,"ml":10,"bm":0,"nm":"Stroke 1","hd":false},{"ty":"fl","c":{"a":0,"k":[0.156862750649,0.494117647409,0.717647075653,1]},"o":{"a":0,"k":100},"r":1,"bm":0,"nm":"Fill 1","hd":false},{"ty":"tr","p":{"a":0,"k":[0,0]},"a":{"a":0,"k":[0,0]},"s":{"a":0,"k":[100,100]},"r":{"a":0,"k":0},"o":{"a":0,"k":100},"sk":{"a":0,"k":0},"sa":{"a":0,"k":0},"nm":"Transform"}],"nm":"Group 1","bm":0,"hd":false},{"ty":"tr","p":{"a":0,"k":[569.462,233.911]},"a":{"a":0,"k":[0,0]},"s":{"a":0,"k":[100,100]},"r":{"a":0,"k":0},"o":{"a":0,"k":100},"sk":{"a":0,"k":0},"sa":{"a":0,"k":0},"nm":"Transform"}],"nm":"Group 1","bm":0,"hd":false},{"ty":"gr","it":[{"ty":"gr","it":[{"ind":0,"ty":"sh","ks":{"a":0,"k":{"i":[[2.449,-5.956],[-27.617,-8.132],[15.447,4.497]],"o":[[0,0],[0,0],[-11.6,-3.377]],"v":[[-22.517,6.657],[22.517,7.662],[4.351,-7.036]],"c":true}},"nm":"Path 1","hd":false},{"ty":"st","c":{"a":0,"k":[0.105882354081,0.392156869173,0.584313750267,1]},"o":{"a":0,"k":100},"w":{"a":0,"k":0.75},"lc":1,"lj":1,"ml":10,"bm":0,"nm":"Stroke 1","hd":false},{"ty":"fl","c":{"a":0,"k":[0.156862750649,0.494117647409,0.717647075653,1]},"o":{"a":0,"k":100},"r":1,"bm":0,"nm":"Fill 1","hd":false},{"ty":"tr","p":{"a":0,"k":[0,0]},"a":{"a":0,"k":[0,0]},"s":{"a":0,"k":[100,100]},"r":{"a":0,"k":0},"o":{"a":0,"k":100},"sk":{"a":0,"k":0},"sa":{"a":0,"k":0},"nm":"Transform"}],"nm":"Group 1","bm":0,"hd":false},{"ty":"tr","p":{"a":0,"k":[622.154,234.663]},"a":{"a":0,"k":[0,0]},"s":{"a":0,"k":[100,100]},"r":{"a":0,"k":0},"o":{"a":0,"k":100},"sk":{"a":0,"k":0},"sa":{"a":0,"k":0},"nm":"Transform"}],"nm":"Group 2","bm":0,"hd":false}],"ip":37,"op":39,"st":35,"bm":0},{"ddd":0,"ind":14,"ty":4,"nm":"eyebrow","parent":19,"sr":1,"ks":{"p":{"a":1,"k":[{"i":{"x":0.667,"y":1},"o":{"x":0.333,"y":0},"t":37,"s":[598.414,198.109,0],"to":[0,1,0],"ti":[0,0,0]},{"i":{"x":0.667,"y":1},"o":{"x":0.333,"y":0},"t":41,"s":[598.414,204.109,0],"to":[0,0,0],"ti":[0,1,0]},{"i":{"x":0.667,"y":0.667},"o":{"x":0.333,"y":0.333},"t":45,"s":[598.414,198.109,0],"to":[0,0,0],"ti":[0,0,0]},{"i":{"x":0.667,"y":1},"o":{"x":0.333,"y":0},"t":82,"s":[598.414,198.109,0],"to":[0,1,0],"ti":[0,0,0]},{"i":{"x":0.667,"y":1},"o":{"x":0.333,"y":0},"t":86,"s":[598.414,204.109,0],"to":[0,0,0],"ti":[0,1,0]},{"t":90,"s":[598.414,198.109,0]}]},"a":{"a":0,"k":[598.414,198.109,0]}},"ao":0,"shapes":[{"ty":"gr","it":[{"ind":0,"ty":"sh","ks":{"a":0,"k":{"i":[[-1.117,-2.733],[0,0],[0,0],[0,0]],"o":[[0,0],[0,0],[0,0],[0,0]],"v":[[-10.105,9.027],[9.892,1.93],[11.311,-9.027],[-11.311,3.196]],"c":true}},"nm":"Path 1","hd":false},{"ty":"st","c":{"a":0,"k":[0.1254902035,0.113725490868,0.058823529631,1]},"o":{"a":0,"k":100},"w":{"a":0,"k":0.75},"lc":1,"lj":1,"ml":10,"bm":0,"nm":"Stroke 1","hd":false},{"ty":"fl","c":{"a":0,"k":[0.207843139768,0.203921571374,0.192156866193,1]},"o":{"a":0,"k":100},"r":1,"bm":0,"nm":"Fill 1","hd":false},{"ty":"tr","p":{"a":0,"k":[576.234,198.153]},"a":{"a":0,"k":[0,0]},"s":{"a":0,"k":[100,100]},"r":{"a":0,"k":0},"o":{"a":0,"k":100},"sk":{"a":0,"k":0},"sa":{"a":0,"k":0},"nm":"Transform"}],"nm":"Group 1","bm":0,"hd":false},{"ty":"gr","it":[{"ind":0,"ty":"sh","ks":{"a":0,"k":{"i":[[0,0],[0,0],[0,0],[0,0]],"o":[[0,0],[0,0],[0,0],[0,0]],"v":[[-8.207,-12.177],[-14.328,-1.93],[8.029,12.177],[14.328,6.854]],"c":true}},"nm":"Path 1","hd":false},{"ty":"st","c":{"a":0,"k":[0.1254902035,0.113725490868,0.058823529631,1]},"o":{"a":0,"k":100},"w":{"a":0,"k":0.75},"lc":1,"lj":1,"ml":10,"bm":0,"nm":"Stroke 1","hd":false},{"ty":"fl","c":{"a":0,"k":[0.207843139768,0.203921571374,0.192156866193,1]},"o":{"a":0,"k":100},"r":1,"bm":0,"nm":"Fill 1","hd":false},{"ty":"tr","p":{"a":0,"k":[617.577,198.109]},"a":{"a":0,"k":[0,0]},"s":{"a":0,"k":[100,100]},"r":{"a":0,"k":0},"o":{"a":0,"k":100},"sk":{"a":0,"k":0},"sa":{"a":0,"k":0},"nm":"Transform"}],"nm":"Group 2","bm":0,"hd":false}],"ip":0,"op":96,"st":0,"bm":0},{"ddd":0,"ind":15,"ty":4,"nm":"eye_01","parent":19,"sr":1,"ks":{"p":{"a":0,"k":[595.486,251.545,0]},"a":{"a":0,"k":[595.486,251.545,0]}},"ao":0,"shapes":[{"ty":"gr","it":[{"ty":"gr","it":[{"ty":"gr","it":[{"ind":0,"ty":"sh","ks":{"a":0,"k":{"i":[[0.608,-1.708],[1.708,0.608],[-0.608,1.708],[-1.708,-0.608]],"o":[[-0.608,1.708],[-1.708,-0.608],[0.608,-1.708],[1.708,0.608]],"v":[[3.093,1.1],[-1.1,3.093],[-3.093,-1.1],[1.1,-3.093]],"c":true}},"nm":"Path 1","hd":false},{"ty":"fl","c":{"a":0,"k":[1,0.992156863213,0.952941179276,1]},"o":{"a":0,"k":100},"r":1,"bm":0,"nm":"Fill 1","hd":false},{"ty":"tr","p":{"a":0,"k":[561.57,245.18]},"a":{"a":0,"k":[0,0]},"s":{"a":0,"k":[100,100]},"r":{"a":0,"k":0},"o":{"a":0,"k":100},"sk":{"a":0,"k":0},"sa":{"a":0,"k":0},"nm":"Transform"}],"nm":"Group 1","bm":0,"hd":false},{"ty":"gr","it":[{"ind":0,"ty":"sh","ks":{"a":0,"k":{"i":[[2.168,-6.093],[6.093,2.168],[-2.168,6.093],[-6.093,-2.168]],"o":[[-2.168,6.093],[-6.093,-2.168],[2.168,-6.093],[6.093,2.168]],"v":[[11.033,3.926],[-3.926,11.033],[-11.033,-3.926],[3.926,-11.033]],"c":true}},"nm":"Path 1","hd":false},{"ty":"fl","c":{"a":0,"k":[0,0,0,1]},"o":{"a":0,"k":100},"r":1,"bm":0,"nm":"Fill 1","hd":false},{"ty":"tr","p":{"a":0,"k":[569.462,253.172]},"a":{"a":0,"k":[0,0]},"s":{"a":0,"k":[100,100]},"r":{"a":0,"k":0},"o":{"a":0,"k":100},"sk":{"a":0,"k":0},"sa":{"a":0,"k":0},"nm":"Transform"}],"nm":"Group 2","bm":0,"hd":false},{"ty":"tr","p":{"a":0,"k":[569.462,253.172]},"a":{"a":0,"k":[569.462,253.172]},"s":{"a":0,"k":[100,100]},"r":{"a":0,"k":0},"o":{"a":0,"k":100},"sk":{"a":0,"k":0},"sa":{"a":0,"k":0},"nm":"Transform"}],"nm":"Group 1","bm":0,"hd":false},{"ty":"gr","it":[{"ind":0,"ty":"sh","ks":{"a":0,"k":{"i":[[4.534,-12.741],[12.741,4.534],[-4.534,12.741],[-12.741,-4.534]],"o":[[-4.534,12.741],[-12.741,-4.534],[4.534,-12.741],[12.741,4.534]],"v":[[23.069,8.209],[-8.209,23.069],[-23.069,-8.209],[8.209,-23.069]],"c":true}},"nm":"Path 1","hd":false},{"ty":"st","c":{"a":0,"k":[0.129411771894,0.113725490868,0.058823529631,1]},"o":{"a":0,"k":100},"w":{"a":0,"k":0.75},"lc":1,"lj":1,"ml":10,"bm":0,"nm":"Stroke 1","hd":false},{"ty":"fl","c":{"a":0,"k":[1,0.992156863213,0.952941179276,1]},"o":{"a":0,"k":100},"r":1,"bm":0,"nm":"Fill 1","hd":false},{"ty":"tr","p":{"a":0,"k":[569.14,251.424]},"a":{"a":0,"k":[0,0]},"s":{"a":0,"k":[100,100]},"r":{"a":0,"k":0},"o":{"a":0,"k":100},"sk":{"a":0,"k":0},"sa":{"a":0,"k":0},"nm":"Transform"}],"nm":"Group 2","bm":0,"hd":false},{"ty":"tr","p":{"a":0,"k":[569.14,251.424]},"a":{"a":0,"k":[569.14,251.424]},"s":{"a":0,"k":[100,100]},"r":{"a":0,"k":0},"o":{"a":0,"k":100},"sk":{"a":0,"k":0},"sa":{"a":0,"k":0},"nm":"Transform"}],"nm":"Group 1","bm":0,"hd":false},{"ty":"gr","it":[{"ty":"gr","it":[{"ty":"gr","it":[{"ind":0,"ty":"sh","ks":{"a":0,"k":{"i":[[1.782,0.331],[-0.331,1.782],[-1.782,-0.331],[0.331,-1.782]],"o":[[-1.782,-0.331],[0.331,-1.782],[1.782,0.331],[-0.331,1.782]],"v":[[-0.6,3.227],[-3.227,-0.6],[0.6,-3.227],[3.227,0.6]],"c":true}},"nm":"Path 1","hd":false},{"ty":"fl","c":{"a":0,"k":[1,0.992156863213,0.952941179276,1]},"o":{"a":0,"k":100},"r":1,"bm":0,"nm":"Fill 1","hd":false},{"ty":"tr","p":{"a":0,"k":[614.387,247.422]},"a":{"a":0,"k":[0,0]},"s":{"a":0,"k":[100,100]},"r":{"a":0,"k":0},"o":{"a":0,"k":100},"sk":{"a":0,"k":0},"sa":{"a":0,"k":0},"nm":"Transform"}],"nm":"Group 1","bm":0,"hd":false},{"ty":"gr","it":[{"ind":0,"ty":"sh","ks":{"a":0,"k":{"i":[[2.168,-6.093],[6.093,2.168],[-2.168,6.093],[-6.093,-2.168]],"o":[[-2.168,6.093],[-6.093,-2.168],[2.168,-6.093],[6.093,2.168]],"v":[[11.033,3.926],[-3.926,11.033],[-11.033,-3.926],[3.926,-11.033]],"c":true}},"nm":"Path 1","hd":false},{"ty":"fl","c":{"a":0,"k":[0,0,0,1]},"o":{"a":0,"k":100},"r":1,"bm":0,"nm":"Fill 1","hd":false},{"ty":"tr","p":{"a":0,"k":[624.187,252.767]},"a":{"a":0,"k":[0,0]},"s":{"a":0,"k":[100,100]},"r":{"a":0,"k":0},"o":{"a":0,"k":100},"sk":{"a":0,"k":0},"sa":{"a":0,"k":0},"nm":"Transform"}],"nm":"Group 2","bm":0,"hd":false},{"ty":"tr","p":{"a":0,"k":[624.187,252.767]},"a":{"a":0,"k":[624.187,252.767]},"s":{"a":0,"k":[100,100]},"r":{"a":0,"k":0},"o":{"a":0,"k":100},"sk":{"a":0,"k":0},"sa":{"a":0,"k":0},"nm":"Transform"}],"nm":"Group 1","bm":0,"hd":false},{"ty":"gr","it":[{"ind":0,"ty":"sh","ks":{"a":0,"k":{"i":[[4.534,-12.741],[12.741,4.534],[-4.534,12.741],[-12.741,-4.534]],"o":[[-4.534,12.741],[-12.741,-4.534],[4.534,-12.741],[12.741,4.534]],"v":[[23.069,8.209],[-8.209,23.069],[-23.069,-8.209],[8.209,-23.069]],"c":true}},"nm":"Path 1","hd":false},{"ty":"st","c":{"a":0,"k":[0.129411771894,0.113725490868,0.058823529631,1]},"o":{"a":0,"k":100},"w":{"a":0,"k":0.75},"lc":1,"lj":1,"ml":10,"bm":0,"nm":"Stroke 1","hd":false},{"ty":"fl","c":{"a":0,"k":[1,0.992156863213,0.952941179276,1]},"o":{"a":0,"k":100},"r":1,"bm":0,"nm":"Fill 1","hd":false},{"ty":"tr","p":{"a":0,"k":[621.832,251.666]},"a":{"a":0,"k":[0,0]},"s":{"a":0,"k":[100,100]},"r":{"a":0,"k":0},"o":{"a":0,"k":100},"sk":{"a":0,"k":0},"sa":{"a":0,"k":0},"nm":"Transform"}],"nm":"Group 2","bm":0,"hd":false},{"ty":"tr","p":{"a":0,"k":[621.832,251.666]},"a":{"a":0,"k":[621.832,251.666]},"s":{"a":0,"k":[100,100]},"r":{"a":0,"k":0},"o":{"a":0,"k":100},"sk":{"a":0,"k":0},"sa":{"a":0,"k":0},"nm":"Transform"}],"nm":"Group 2","bm":0,"hd":false}],"ip":0,"op":96,"st":0,"bm":0},{"ddd":0,"ind":16,"ty":4,"nm":"cap","parent":19,"sr":1,"ks":{"p":{"a":0,"k":[698.52,209.577,0]},"a":{"a":0,"k":[698.52,209.577,0]}},"ao":0,"shapes":[{"ty":"gr","it":[{"ind":0,"ty":"sh","ks":{"a":0,"k":{"i":[[0.694,-1.393],[-35.982,-49.83],[0,0],[24.309,15.982],[18.296,-1.597]],"o":[[0,0],[0,0],[0,0],[-18.484,-12.152],[0,0]],"v":[[-54.206,-22.536],[52.988,27.328],[54.206,21.063],[24.577,-7.289],[-47.818,-27.149]],"c":true}},"nm":"Path 1","hd":false},{"ty":"fl","c":{"a":0,"k":[0.192156866193,0.54509806633,0.784313738346,1]},"o":{"a":0,"k":100},"r":1,"bm":0,"nm":"Fill 1","hd":false},{"ty":"tr","p":{"a":0,"k":[644.314,191.838]},"a":{"a":0,"k":[0,0]},"s":{"a":0,"k":[100,100]},"r":{"a":0,"k":0},"o":{"a":0,"k":100},"sk":{"a":0,"k":0},"sa":{"a":0,"k":0},"nm":"Transform"}],"nm":"Group 1","bm":0,"hd":false},{"ty":"gr","it":[{"ty":"gr","it":[{"ind":0,"ty":"sh","ks":{"a":0,"k":{"i":[[0,0],[-4.037,3.615],[-5.412,-0.044],[-5.279,2.704],[-0.932,2.041],[-5.634,-1.198],[-0.798,-3.416],[-3.856,-1.041],[9.582,1.331],[1.331,-3.283],[6.21,0.754],[7.879,-1.599],[4.968,-10.779]],"o":[[0,0],[4.281,-3.834],[5.412,0.044],[5.279,-2.704],[0.932,-2.041],[5.634,1.198],[0,0],[0,0],[-9.582,-1.331],[-1.331,3.283],[-6.21,-0.754],[-6.122,1.242],[0,0]],"v":[[-30.863,16.552],[-27.203,7.388],[-11.589,2.864],[5.578,2.862],[12.72,-6.807],[21.37,-13.372],[30.686,-0.996],[37.34,-0.573],[22.878,-16.388],[9.97,-7.295],[-1.874,0.956],[-20.239,0.513],[-37.34,15.617]],"c":true}},"nm":"Path 1","hd":false},{"ty":"fl","c":{"a":0,"k":[0.152941182256,0.176470592618,0.411764711142,1]},"o":{"a":0,"k":100},"r":1,"bm":0,"nm":"Fill 1","hd":false},{"ty":"tr","p":{"a":0,"k":[673.406,134.386]},"a":{"a":0,"k":[0,0]},"s":{"a":0,"k":[100,100]},"r":{"a":0,"k":0},"o":{"a":0,"k":100},"sk":{"a":0,"k":0},"sa":{"a":0,"k":0},"nm":"Transform"}],"nm":"Group 3","bm":0,"hd":false},{"ty":"gr","it":[{"ind":0,"ty":"sh","ks":{"a":0,"k":{"i":[[0,0],[-11.312,0.206],[-4.325,2.395],[-0.266,5.399],[-0.932,-3.26],[10.662,-3.748],[8.439,-0.646],[0,0],[2.034,-0.01]],"o":[[0,0],[11.312,-0.206],[4.325,-2.395],[0,0],[0,0],[-4.259,1.497],[-7.818,0.599],[0,0],[-2.034,0.01]],"v":[[-26.849,11.079],[-10.014,0.905],[15.005,0.1],[24.653,-13.408],[26.849,-7.818],[14.439,3.26],[-3.693,3.36],[-16.302,12.575],[-19.729,13.408]],"c":true}},"nm":"Path 1","hd":false},{"ty":"fl","c":{"a":0,"k":[0.152941182256,0.176470592618,0.411764711142,1]},"o":{"a":0,"k":100},"r":1,"bm":0,"nm":"Fill 1","hd":false},{"ty":"tr","p":{"a":0,"k":[675.868,141.386]},"a":{"a":0,"k":[0,0]},"s":{"a":0,"k":[100,100]},"r":{"a":0,"k":0},"o":{"a":0,"k":100},"sk":{"a":0,"k":0},"sa":{"a":0,"k":0},"nm":"Transform"}],"nm":"Group 4","bm":0,"hd":false},{"ty":"gr","it":[{"ind":0,"ty":"sh","ks":{"a":0,"k":{"i":[[0.699,0.798],[-0.914,3.127],[0,0],[0.392,-6.844],[1.592,-1.591],[0,0]],"o":[[0,0],[0.914,-3.127],[0,0],[-0.275,4.804],[0,0],[0,0]],"v":[[-5.112,3.048],[-0.104,-2.408],[5.112,-9.727],[2.375,1.875],[-0.922,9.727],[-1.119,7.773]],"c":true}},"nm":"Path 1","hd":false},{"ty":"fl","c":{"a":0,"k":[0.152941182256,0.176470592618,0.411764711142,1]},"o":{"a":0,"k":100},"r":1,"bm":0,"nm":"Fill 1","hd":false},{"ty":"tr","p":{"a":0,"k":[708.161,184.549]},"a":{"a":0,"k":[0,0]},"s":{"a":0,"k":[100,100]},"r":{"a":0,"k":0},"o":{"a":0,"k":100},"sk":{"a":0,"k":0},"sa":{"a":0,"k":0},"nm":"Transform"}],"nm":"Group 5","bm":0,"hd":false},{"ty":"gr","it":[{"ind":0,"ty":"sh","ks":{"a":0,"k":{"i":[[0,0],[-9.392,3.815],[0,0],[8.62,-4.321],[7.807,-5.767]],"o":[[0,0],[9.392,-3.815],[0,0],[-5.309,2.662],[0,0]],"v":[[-12.394,9.737],[2.478,0.089],[11.161,-11.8],[7.155,1.863],[-10.198,11.8]],"c":true}},"nm":"Path 1","hd":false},{"ty":"fl","c":{"a":0,"k":[0.152941182256,0.176470592618,0.411764711142,1]},"o":{"a":0,"k":100},"r":1,"bm":0,"nm":"Fill 1","hd":false},{"ty":"tr","p":{"a":0,"k":[708.058,170.342]},"a":{"a":0,"k":[0,0]},"s":{"a":0,"k":[100,100]},"r":{"a":0,"k":0},"o":{"a":0,"k":100},"sk":{"a":0,"k":0},"sa":{"a":0,"k":0},"nm":"Transform"}],"nm":"Group 6","bm":0,"hd":false},{"ty":"gr","it":[{"ind":0,"ty":"sh","ks":{"a":0,"k":{"i":[[0,0],[-6.032,11.076],[-2.129,2.997],[1.153,-1.686],[5.861,-4.057],[2.998,-4.335],[0,0]],"o":[[0,0],[6.032,-11.076],[0,0],[0,0],[-4.358,3.016],[-2.998,4.335],[0,0]],"v":[[-15.055,10.057],[-2.588,-1.491],[14.888,-12.896],[14.356,-9.106],[3.887,-5.558],[-5.695,7.573],[-11.718,12.896]],"c":true}},"nm":"Path 1","hd":false},{"ty":"fl","c":{"a":0,"k":[0.152941182256,0.176470592618,0.411764711142,1]},"o":{"a":0,"k":100},"r":1,"bm":0,"nm":"Fill 1","hd":false},{"ty":"tr","p":{"a":0,"k":[703.799,163.833]},"a":{"a":0,"k":[0,0]},"s":{"a":0,"k":[100,100]},"r":{"a":0,"k":0},"o":{"a":0,"k":100},"sk":{"a":0,"k":0},"sa":{"a":0,"k":0},"nm":"Transform"}],"nm":"Group 7","bm":0,"hd":false},{"ty":"gr","it":[{"ind":0,"ty":"sh","ks":{"a":0,"k":{"i":[[0,0],[-4.613,5.767],[-6.122,1.686],[0.075,1.009],[7.719,-0.887],[1.253,-1.508],[6.351,0.866]],"o":[[0,0],[4.613,-5.767],[6.122,-1.686],[0,0],[-7.719,0.887],[-0.521,0.627],[-3.904,-0.532]],"v":[[-19.704,10.567],[-4.356,3.506],[10.815,-9.269],[19.318,-13.672],[14.098,-6.342],[0.346,3.684],[-14.647,13.62]],"c":true}},"nm":"Path 1","hd":false},{"ty":"fl","c":{"a":0,"k":[0.152941182256,0.176470592618,0.411764711142,1]},"o":{"a":0,"k":100},"r":1,"bm":0,"nm":"Fill 1","hd":false},{"ty":"tr","p":{"a":0,"k":[695.894,153.882]},"a":{"a":0,"k":[0,0]},"s":{"a":0,"k":[100,100]},"r":{"a":0,"k":0},"o":{"a":0,"k":100},"sk":{"a":0,"k":0},"sa":{"a":0,"k":0},"nm":"Transform"}],"nm":"Group 8","bm":0,"hd":false},{"ty":"tr","p":{"a":0,"k":[695.894,153.882]},"a":{"a":0,"k":[695.894,153.882]},"s":{"a":0,"k":[100,100]},"r":{"a":0,"k":0},"o":{"a":0,"k":100},"sk":{"a":0,"k":0},"sa":{"a":0,"k":0},"nm":"Transform"}],"nm":"Group 2","bm":0,"hd":false},{"ty":"gr","it":[{"ind":0,"ty":"sh","ks":{"a":0,"k":{"i":[[-4.06,-11.259],[-36.048,-53.401],[0,0],[0,5.775],[0,0],[49.04,-5.16]],"o":[[0,0],[0,0],[3.912,-4.248],[0,0],[0,0],[0,0]],"v":[[-56.038,-18.212],[49.671,31.591],[51.734,29.665],[56.404,14.165],[55.902,10.475],[-29.086,-31.194]],"c":true}},"nm":"Path 1","hd":false},{"ty":"st","c":{"a":0,"k":[0.160784319043,0.184313729405,0.439215689898,1]},"o":{"a":0,"k":100},"w":{"a":0,"k":1},"lc":1,"lj":1,"ml":10,"bm":0,"nm":"Stroke 1","hd":false},{"ty":"fl","c":{"a":0,"k":[0.219607844949,0.282352954149,0.615686297417,1]},"o":{"a":0,"k":100},"r":1,"bm":0,"nm":"Fill 1","hd":false},{"ty":"tr","p":{"a":0,"k":[650.315,182.045]},"a":{"a":0,"k":[0,0]},"s":{"a":0,"k":[100,100]},"r":{"a":0,"k":0},"o":{"a":0,"k":100},"sk":{"a":0,"k":0},"sa":{"a":0,"k":0},"nm":"Transform"}],"nm":"Group 3","bm":0,"hd":false},{"ty":"gr","it":[{"ind":0,"ty":"sh","ks":{"a":0,"k":{"i":[[-6.874,1.577],[-0.832,-6.24],[5.988,1.783],[-3.992,4.652]],"o":[[0,0],[0.832,6.24],[-5.988,-1.783],[3.992,-4.652]],"v":[[11.566,-13.237],[7.462,-0.017],[-5.845,12.997],[-9.338,0]],"c":true}},"nm":"Path 1","hd":false},{"ty":"st","c":{"a":0,"k":[0.160784319043,0.184313729405,0.439215689898,1]},"o":{"a":0,"k":100},"w":{"a":0,"k":1},"lc":1,"lj":1,"ml":10,"bm":0,"nm":"Stroke 1","hd":false},{"ty":"fl","c":{"a":0,"k":[0.219607844949,0.282352954149,0.615686297417,1]},"o":{"a":0,"k":100},"r":1,"bm":0,"nm":"Fill 1","hd":false},{"ty":"tr","p":{"a":0,"k":[703.647,186.424]},"a":{"a":0,"k":[0,0]},"s":{"a":0,"k":[100,100]},"r":{"a":0,"k":0},"o":{"a":0,"k":100},"sk":{"a":0,"k":0},"sa":{"a":0,"k":0},"nm":"Transform"}],"nm":"Group 4","bm":0,"hd":false},{"ty":"gr","it":[{"ind":0,"ty":"sh","ks":{"a":0,"k":{"i":[[-9.779,-0.063],[17.964,-6.596],[10.645,-10.875],[-7.78,1.512],[0,0]],"o":[[0,0],[0,0],[-10.645,10.875],[7.78,-1.512],[0,0]],"v":[[15.301,-17.212],[6.451,3.175],[-8.187,13.693],[-12.807,5.399],[1.093,-10.636]],"c":true}},"nm":"Path 1","hd":false},{"ty":"st","c":{"a":0,"k":[0.160784319043,0.184313729405,0.439215689898,1]},"o":{"a":0,"k":100},"w":{"a":0,"k":1},"lc":1,"lj":1,"ml":10,"bm":0,"nm":"Stroke 1","hd":false},{"ty":"fl","c":{"a":0,"k":[0.219607844949,0.282352954149,0.615686297417,1]},"o":{"a":0,"k":100},"r":1,"bm":0,"nm":"Fill 1","hd":false},{"ty":"tr","p":{"a":0,"k":[703.328,172.714]},"a":{"a":0,"k":[0,0]},"s":{"a":0,"k":[100,100]},"r":{"a":0,"k":0},"o":{"a":0,"k":100},"sk":{"a":0,"k":0},"sa":{"a":0,"k":0},"nm":"Transform"}],"nm":"Group 5","bm":0,"hd":false},{"ty":"gr","it":[{"ind":0,"ty":"sh","ks":{"a":0,"k":{"i":[[-4.491,9.894],[-5.685,9.58],[0,0],[-0.832,-8.208],[8.541,-17.008]],"o":[[0,0],[3.454,-5.82],[0,0],[1.068,10.541],[-8.541,17.008]],"v":[[-17.547,5.613],[-2.537,-6.841],[8.839,-14.16],[18.382,-11.405],[-0.273,5.719]],"c":true}},"nm":"Path 1","hd":false},{"ty":"st","c":{"a":0,"k":[0.160784319043,0.184313729405,0.439215689898,1]},"o":{"a":0,"k":100},"w":{"a":0,"k":1},"lc":1,"lj":1,"ml":10,"bm":0,"nm":"Stroke 1","hd":false},{"ty":"fl","c":{"a":0,"k":[0.219607844949,0.282352954149,0.615686297417,1]},"o":{"a":0,"k":100},"r":1,"bm":0,"nm":"Fill 1","hd":false},{"ty":"tr","p":{"a":0,"k":[701.21,162.343]},"a":{"a":0,"k":[0,0]},"s":{"a":0,"k":[100,100]},"r":{"a":0,"k":0},"o":{"a":0,"k":100},"sk":{"a":0,"k":0},"sa":{"a":0,"k":0},"nm":"Transform"}],"nm":"Group 6","bm":0,"hd":false},{"ty":"gr","it":[{"ind":0,"ty":"sh","ks":{"a":0,"k":{"i":[[-3.743,3.655],[-11.726,-0.873],[-8.296,5.081],[-0.371,1.416],[-1.046,-0.062],[0.545,-6.425],[3.743,-4.813],[7.236,-1.337]],"o":[[0,0],[11.726,0.873],[4.663,-2.856],[0.283,-1.081],[3.795,0.223],[-0.749,8.825],[-3.743,4.813],[-7.236,1.337]],"v":[[-27.601,3.024],[-11.569,-5.783],[9.076,-8.921],[15.555,-15.435],[17.883,-17.121],[28.038,-9.188],[13.567,0.706],[-4.397,17.018]],"c":true}},"nm":"Path 1","hd":false},{"ty":"st","c":{"a":0,"k":[0.160784319043,0.184313729405,0.439215689898,1]},"o":{"a":0,"k":100},"w":{"a":0,"k":1},"lc":1,"lj":1,"ml":10,"bm":0,"nm":"Stroke 1","hd":false},{"ty":"fl","c":{"a":0,"k":[0.219607844949,0.282352954149,0.615686297417,1]},"o":{"a":0,"k":100},"r":1,"bm":0,"nm":"Fill 1","hd":false},{"ty":"tr","p":{"a":0,"k":[688.06,150.937]},"a":{"a":0,"k":[0,0]},"s":{"a":0,"k":[100,100]},"r":{"a":0,"k":0},"o":{"a":0,"k":100},"sk":{"a":0,"k":0},"sa":{"a":0,"k":0},"nm":"Transform"}],"nm":"Group 7","bm":0,"hd":false},{"ty":"gr","it":[{"ind":0,"ty":"sh","ks":{"a":0,"k":{"i":[[11.976,6.418],[-15.469,2.674],[-7.984,3.209],[-17.465,1.604],[0,0],[0,0],[0,0],[8.982,0],[18.421,2.991],[0,-10.697]],"o":[[0,0],[15.469,-2.674],[7.984,-3.209],[17.465,-1.604],[0,0],[0,0],[0,0],[-8.982,0],[-16.467,-2.674],[0,0]],"v":[[-47.236,18.134],[-35.26,-3.259],[-5.32,-3.259],[24.121,-20.908],[47.574,1.02],[47.574,5.833],[37.095,3.694],[26.117,-11.281],[3.163,5.833],[-23.783,18.134]],"c":true}},"nm":"Path 1","hd":false},{"ty":"st","c":{"a":0,"k":[0.160784319043,0.184313729405,0.439215689898,1]},"o":{"a":0,"k":100},"w":{"a":0,"k":1},"lc":1,"lj":1,"ml":10,"bm":0,"nm":"Stroke 1","hd":false},{"ty":"fl","c":{"a":0,"k":[0.219607844949,0.282352954149,0.615686297417,1]},"o":{"a":0,"k":100},"r":1,"bm":0,"nm":"Fill 1","hd":false},{"ty":"tr","p":{"a":0,"k":[667.027,132.975]},"a":{"a":0,"k":[0,0]},"s":{"a":0,"k":[100,100]},"r":{"a":0,"k":0},"o":{"a":0,"k":100},"sk":{"a":0,"k":0},"sa":{"a":0,"k":0},"nm":"Transform"}],"nm":"Group 8","bm":0,"hd":false},{"ty":"gr","it":[{"ind":0,"ty":"sh","ks":{"a":0,"k":{"i":[[-8.483,4.457],[-8.483,-1.07],[-6.986,5.348],[15.801,1.973],[13.357,-4.273],[12.323,-2.542],[0,0]],"o":[[0,0],[8.483,1.07],[6.986,-5.348],[-11.667,-1.457],[-8.902,2.848],[-12.51,2.581],[0,0]],"v":[[-11.638,15.354],[4.83,6.619],[25.379,4.717],[21.167,-16.783],[2.584,-0.775],[-21.867,-0.775],[-31.543,13.183]],"c":true}},"nm":"Path 1","hd":false},{"ty":"st","c":{"a":0,"k":[0.160784319043,0.184313729405,0.439215689898,1]},"o":{"a":0,"k":100},"w":{"a":0,"k":1},"lc":1,"lj":1,"ml":10,"bm":0,"nm":"Stroke 1","hd":false},{"ty":"fl","c":{"a":0,"k":[0.219607844949,0.282352954149,0.615686297417,1]},"o":{"a":0,"k":100},"r":1,"bm":0,"nm":"Fill 1","hd":false},{"ty":"tr","p":{"a":0,"k":[673.345,138.607]},"a":{"a":0,"k":[0,0]},"s":{"a":0,"k":[100,100]},"r":{"a":0,"k":0},"o":{"a":0,"k":100},"sk":{"a":0,"k":0},"sa":{"a":0,"k":0},"nm":"Transform"}],"nm":"Group 9","bm":0,"hd":false},{"ty":"gr","it":[{"ty":"gr","it":[{"ind":0,"ty":"sh","ks":{"a":0,"k":{"i":[[-1.309,-0.055],[-13.601,7.896],[9.312,-0.747],[0.399,0.209],[0.699,3.859],[0,0],[0.878,3.49],[0,0],[0,0],[0,0]],"o":[[0,0],[0,0],[0,0],[0,0],[-0.699,-3.859],[0,0],[-0.561,-2.229],[0,0],[0,0],[0,0]],"v":[[-6.452,-13.386],[9.135,4.979],[-0.685,13.295],[-3.613,13.295],[-2.881,7.563],[-7.499,3.404],[-6.407,-2.884],[-7.805,-5.412],[-7.805,-8.394],[-9.135,-12.532]],"c":true}},"nm":"Path 1","hd":false},{"ty":"fl","c":{"a":0,"k":[0.152941182256,0.176470592618,0.411764711142,1]},"o":{"a":0,"k":100},"r":1,"bm":0,"nm":"Fill 1","hd":false},{"ty":"tr","p":{"a":0,"k":[1.366,0.581]},"a":{"a":0,"k":[0,0]},"s":{"a":0,"k":[100,100]},"r":{"a":0,"k":0},"o":{"a":0,"k":100},"sk":{"a":0,"k":0},"sa":{"a":0,"k":0},"nm":"Transform"}],"nm":"Group 2","bm":0,"hd":false},{"ind":1,"ty":"sh","ks":{"a":0,"k":{"i":[[0,0],[-7.984,-5.527],[17.15,-0.535]],"o":[[0,0],[7.984,5.527],[-17.15,0.535]],"v":[[-9.036,-12.654],[5.194,-11.43],[-1.109,14.242]],"c":true}},"nm":"Path 1","hd":false},{"ty":"st","c":{"a":0,"k":[0.160784319043,0.184313729405,0.439215689898,1]},"o":{"a":0,"k":100},"w":{"a":0,"k":1},"lc":1,"lj":1,"ml":10,"bm":0,"nm":"Stroke 1","hd":false},{"ty":"fl","c":{"a":0,"k":[0.219607844949,0.282352954149,0.615686297417,1]},"o":{"a":0,"k":100},"r":1,"bm":0,"nm":"Fill 1","hd":false},{"ty":"tr","p":{"a":1,"k":[{"i":{"x":0.667,"y":1},"o":{"x":0.333,"y":0},"t":30,"s":[722.049,142.037],"to":[-0.57,-1.939],"ti":[0,0]},{"i":{"x":0.667,"y":1},"o":{"x":0.333,"y":0},"t":40,"s":[718.629,130.403],"to":[0,0],"ti":[-0.57,-1.939]},{"t":50,"s":[722.049,142.037]}]},"a":{"a":0,"k":[0,0]},"s":{"a":0,"k":[100,100]},"r":{"a":1,"k":[{"i":{"x":[0.667],"y":[1]},"o":{"x":[0.333],"y":[0]},"t":30,"s":[0]},{"i":{"x":[0.667],"y":[1]},"o":{"x":[0.333],"y":[0]},"t":40,"s":[-9]},{"t":50,"s":[0]}]},"o":{"a":0,"k":100},"sk":{"a":0,"k":0},"sa":{"a":0,"k":0},"nm":"Transform"}],"nm":"Group 10","bm":0,"hd":false},{"ty":"gr","it":[{"ty":"gr","it":[{"ind":0,"ty":"sh","ks":{"a":0,"k":{"i":[[-0.291,1.459],[-8.451,0.2],[-0.932,1.691],[4.724,-2.107],[0.17,1.198],[-0.1,2.358]],"o":[[0,0],[0,0],[0,0],[-4.724,2.107],[0,0],[0,0]],"v":[[-6,-6.324],[1.984,1.663],[7.241,-0.399],[2.45,5.811],[-6.629,1.73],[-7.231,-2.396]],"c":true}},"nm":"Path 1","hd":false},{"ty":"fl","c":{"a":0,"k":[0.152941182256,0.176470592618,0.411764711142,1]},"o":{"a":0,"k":100},"r":1,"bm":0,"nm":"Fill 1","hd":false},{"ty":"tr","p":{"a":0,"k":[-0.167,2.457]},"a":{"a":0,"k":[0,0]},"s":{"a":0,"k":[100,100]},"r":{"a":0,"k":0},"o":{"a":0,"k":100},"sk":{"a":0,"k":0},"sa":{"a":0,"k":0},"nm":"Transform"}],"nm":"Group 1","bm":0,"hd":false},{"ind":1,"ty":"sh","ks":{"a":0,"k":{"i":[[0,-4.775],[4.455,0],[0,4.775],[-4.455,0]],"o":[[0,4.775],[-4.455,0],[0,-4.775],[4.455,0]],"v":[[8.067,0],[0,8.646],[-8.067,0],[0,-8.646]],"c":true}},"nm":"Path 1","hd":false},{"ty":"st","c":{"a":0,"k":[0.160784319043,0.184313729405,0.439215689898,1]},"o":{"a":0,"k":100},"w":{"a":0,"k":1},"lc":1,"lj":1,"ml":10,"bm":0,"nm":"Stroke 1","hd":false},{"ty":"fl","c":{"a":0,"k":[0.219607844949,0.282352954149,0.615686297417,1]},"o":{"a":0,"k":100},"r":1,"bm":0,"nm":"Fill 1","hd":false},{"ty":"tr","p":{"a":1,"k":[{"i":{"x":0.667,"y":1},"o":{"x":0.333,"y":0},"t":30,"s":[740.3,150.937],"to":[-0.508,-2.678],"ti":[0,0]},{"i":{"x":0.667,"y":1},"o":{"x":0.333,"y":0},"t":40,"s":[737.254,134.872],"to":[0,0],"ti":[-0.508,-2.678]},{"t":50,"s":[740.3,150.937]}]},"a":{"a":0,"k":[0,0]},"s":{"a":0,"k":[100,100]},"r":{"a":1,"k":[{"i":{"x":[0.667],"y":[1]},"o":{"x":[0.333],"y":[0]},"t":30,"s":[0]},{"i":{"x":[0.667],"y":[1]},"o":{"x":[0.333],"y":[0]},"t":40,"s":[-44]},{"t":50,"s":[0]}]},"o":{"a":0,"k":100},"sk":{"a":0,"k":0},"sa":{"a":0,"k":0},"nm":"Transform"}],"nm":"Group 11","bm":0,"hd":false}],"ip":0,"op":96,"st":0,"bm":0},{"ddd":0,"ind":17,"ty":4,"nm":"hand 2 arm","parent":19,"sr":1,"ks":{"r":{"a":1,"k":[{"i":{"x":[0.667],"y":[1]},"o":{"x":[0.333],"y":[0]},"t":30,"s":[0]},{"i":{"x":[0.667],"y":[1]},"o":{"x":[0.333],"y":[0]},"t":46,"s":[-16]},{"i":{"x":[0.667],"y":[1]},"o":{"x":[0.333],"y":[0]},"t":75,"s":[-16]},{"t":91,"s":[0]}]},"p":{"a":0,"k":[747.431,367.051,0]},"a":{"a":0,"k":[747.431,367.051,0]}},"ao":0,"shapes":[{"ty":"gr","it":[{"ind":0,"ty":"sh","ks":{"a":0,"k":{"i":[[0,0],[7.63,-5.678],[-9.049,-0.266],[0,0],[-9.937,-1.242],[-0.71,-2.839]],"o":[[-8.783,-2.928],[-11.46,8.528],[9.049,0.266],[0,0],[9.937,1.242],[0,0]],"v":[[10.457,-13.085],[-14.473,-12.197],[-8.973,11.402],[-2.319,6.345],[6.819,3.595],[20.17,15.878]],"c":false}},"nm":"Path 1","hd":false},{"ty":"st","c":{"a":0,"k":[0.043137256056,0.403921574354,0.270588248968,1]},"o":{"a":0,"k":100},"w":{"a":0,"k":1},"lc":1,"lj":1,"ml":10,"bm":0,"nm":"Stroke 1","hd":false},{"ty":"fl","c":{"a":0,"k":[0.498039215803,0.792156875134,0.674509823322,1]},"o":{"a":0,"k":100},"r":1,"bm":0,"nm":"Fill 1","hd":false},{"ty":"tr","p":{"a":0,"k":[764.59,294.149]},"a":{"a":0,"k":[0,0]},"s":{"a":0,"k":[100,100]},"r":{"a":0,"k":0},"o":{"a":0,"k":100},"sk":{"a":0,"k":0},"sa":{"a":0,"k":0},"nm":"Transform"}],"nm":"Group 1","bm":0,"hd":false},{"ty":"gr","it":[{"ind":0,"ty":"sh","ks":{"a":0,"k":{"i":[[0,0],[-14.55,7.807],[0,0]],"o":[[0,0],[14.55,-7.807],[0,0]],"v":[[-14.168,12.61],[-9.844,-9.78],[17.659,-6.764]],"c":false}},"nm":"Path 1","hd":false},{"ty":"st","c":{"a":0,"k":[0.043137256056,0.403921574354,0.270588248968,1]},"o":{"a":0,"k":100},"w":{"a":0,"k":1},"lc":1,"lj":1,"ml":10,"bm":0,"nm":"Stroke 1","hd":false},{"ty":"fl","c":{"a":0,"k":[0.498039215803,0.792156875134,0.674509823322,1]},"o":{"a":0,"k":100},"r":1,"bm":0,"nm":"Fill 1","hd":false},{"ty":"tr","p":{"a":0,"k":[760.315,273.633]},"a":{"a":0,"k":[0,0]},"s":{"a":0,"k":[100,100]},"r":{"a":0,"k":0},"o":{"a":0,"k":100},"sk":{"a":0,"k":0},"sa":{"a":0,"k":0},"nm":"Transform"}],"nm":"Group 2","bm":0,"hd":false},{"ty":"gr","it":[{"ty":"gr","it":[{"ind":0,"ty":"sh","ks":{"a":0,"k":{"i":[[0,0],[-2.76,9.582]],"o":[[0,0],[0,0]],"v":[[-2.802,21.95],[2.802,-21.95]],"c":false}},"nm":"Path 1","hd":false},{"ty":"st","c":{"a":0,"k":[0.494117647409,0.290196090937,0.117647059262,1]},"o":{"a":0,"k":100},"w":{"a":0,"k":1},"lc":1,"lj":1,"ml":10,"bm":0,"nm":"Stroke 1","hd":false},{"ty":"tr","p":{"a":0,"k":[773.431,338.187]},"a":{"a":0,"k":[0,0]},"s":{"a":0,"k":[100,100]},"r":{"a":0,"k":0},"o":{"a":0,"k":100},"sk":{"a":0,"k":0},"sa":{"a":0,"k":0},"nm":"Transform"}],"nm":"Group 1","bm":0,"hd":false},{"ty":"gr","it":[{"ty":"gr","it":[{"ind":0,"ty":"sh","ks":{"a":0,"k":{"i":[[-3.726,-10.114],[-6.92,-25.019],[12.243,14.372],[15.021,16.696],[0,0],[-9.582,15.437]],"o":[[0,0],[0,0],[0,0],[-7.448,-8.278],[0,0],[0,0]],"v":[[19.429,-41.628],[19.429,49.397],[-10.38,30.766],[4.525,0.957],[-19.429,-4.899],[2.928,-49.081]],"c":true}},"nm":"Path 1","hd":false},{"ty":"st","c":{"a":0,"k":[0.611764729023,0.239215686917,0.588235318661,1]},"o":{"a":0,"k":100},"w":{"a":0,"k":1},"lc":1,"lj":1,"ml":10,"bm":0,"nm":"Stroke 1","hd":false},{"ty":"fl","c":{"a":0,"k":[0.78823530674,0.447058826685,0.678431391716,1]},"o":{"a":0,"k":100},"r":1,"bm":0,"nm":"Fill 1","hd":false},{"ty":"tr","p":{"a":0,"k":[762.086,347.557]},"a":{"a":0,"k":[0,0]},"s":{"a":0,"k":[100,100]},"r":{"a":0,"k":0},"o":{"a":0,"k":100},"sk":{"a":0,"k":0},"sa":{"a":0,"k":0},"nm":"Transform"}],"nm":"Group 1","bm":0,"hd":false},{"ty":"gr","it":[{"ind":0,"ty":"sh","ks":{"a":0,"k":{"i":[[0,0],[1.673,18.647],[-7.719,-3.847],[5.855,-8.146]],"o":[[0,0],[0,0],[7.719,3.847],[-5.855,8.146]],"v":[[-12.394,18.114],[-8.991,-15.938],[4.507,-16.608],[9.298,11.033]],"c":true}},"nm":"Path 1","hd":false},{"ty":"st","c":{"a":0,"k":[0.494117647409,0.290196090937,0.117647059262,1]},"o":{"a":0,"k":100},"w":{"a":0,"k":1},"lc":1,"lj":1,"ml":10,"bm":0,"nm":"Stroke 1","hd":false},{"ty":"fl","c":{"a":0,"k":[0.678431391716,0.364705890417,0.639215707779,1]},"o":{"a":0,"k":100},"r":1,"bm":0,"nm":"Fill 1","hd":false},{"ty":"tr","p":{"a":0,"k":[763.84,358.807]},"a":{"a":0,"k":[0,0]},"s":{"a":0,"k":[100,100]},"r":{"a":0,"k":0},"o":{"a":0,"k":100},"sk":{"a":0,"k":0},"sa":{"a":0,"k":0},"nm":"Transform"}],"nm":"Group 2","bm":0,"hd":false},{"ty":"tr","p":{"a":0,"k":[763.84,358.807]},"a":{"a":0,"k":[763.84,358.807]},"s":{"a":0,"k":[100,100]},"r":{"a":0,"k":0},"o":{"a":0,"k":100},"sk":{"a":0,"k":0},"sa":{"a":0,"k":0},"nm":"Transform"}],"nm":"Group 2","bm":0,"hd":false},{"ty":"tr","p":{"a":0,"k":[763.84,358.807]},"a":{"a":0,"k":[763.84,358.807]},"s":{"a":0,"k":[100,100]},"r":{"a":0,"k":0},"o":{"a":0,"k":100},"sk":{"a":0,"k":0},"sa":{"a":0,"k":0},"nm":"Transform"}],"nm":"Group 3","bm":0,"hd":false},{"ty":"gr","it":[{"ind":0,"ty":"sh","ks":{"a":0,"k":{"i":[[0,0],[0,0],[-9.024,11.826],[5.472,3.882],[30.253,-7.317],[-7.917,-16.499]],"o":[[0,0],[0,0],[0,0],[0,0],[0,0],[0,0]],"v":[[-14.361,23.921],[-19.117,28.377],[28.71,32.875],[24.142,-21.879],[-17.29,-35.63],[-26.694,-14.515]],"c":true}},"nm":"Path 1","hd":false},{"ty":"st","c":{"a":0,"k":[0.043137256056,0.403921574354,0.270588248968,1]},"o":{"a":0,"k":100},"w":{"a":0,"k":1},"lc":1,"lj":1,"ml":10,"bm":0,"nm":"Stroke 1","hd":false},{"ty":"fl","c":{"a":0,"k":[0.498039215803,0.792156875134,0.674509823322,1]},"o":{"a":0,"k":100},"r":1,"bm":0,"nm":"Fill 1","hd":false},{"ty":"tr","p":{"a":0,"k":[771.754,281.65]},"a":{"a":0,"k":[0,0]},"s":{"a":0,"k":[100,100]},"r":{"a":0,"k":0},"o":{"a":0,"k":100},"sk":{"a":0,"k":0},"sa":{"a":0,"k":0},"nm":"Transform"}],"nm":"Group 4","bm":0,"hd":false},{"ty":"gr","it":[{"ind":0,"ty":"sh","ks":{"a":0,"k":{"i":[[0,0],[5.146,9.404],[17.389,-5.855],[0,0],[0,0],[0,0],[9.171,-2.662],[-11.711,-6.92]],"o":[[52.801,-26.197],[-5.146,-9.404],[-17.389,5.855],[0,0],[0,0],[0,0],[-9.171,2.662],[0,0]],"v":[[-17.985,61.273],[30.479,-45.8],[-10.952,-59.551],[-20.357,-38.436],[-8.468,-30.629],[-3.331,0],[-25.393,19.138],[-23.994,50.371]],"c":false}},"nm":"Path 1","hd":false},{"ty":"st","c":{"a":0,"k":[0.070588238537,0.290196090937,0.427450984716,1]},"o":{"a":0,"k":100},"w":{"a":0,"k":1},"lc":1,"lj":1,"ml":10,"bm":0,"nm":"Stroke 1","hd":false},{"ty":"fl","c":{"a":0,"k":[0.396078437567,0.623529434204,0.835294127464,1]},"o":{"a":0,"k":100},"r":1,"bm":0,"nm":"Fill 1","hd":false},{"ty":"tr","p":{"a":0,"k":[765.417,305.572]},"a":{"a":0,"k":[0,0]},"s":{"a":0,"k":[100,100]},"r":{"a":0,"k":0},"o":{"a":0,"k":100},"sk":{"a":0,"k":0},"sa":{"a":0,"k":0},"nm":"Transform"}],"nm":"Group 5","bm":0,"hd":false},{"ty":"gr","it":[{"ty":"gr","it":[{"ind":0,"ty":"sh","ks":{"a":0,"k":{"i":[[0,0],[18.295,20.327],[0,0]],"o":[[0,0],[-14.905,-16.561],[0,0]],"v":[[22.02,32.985],[1.756,-16.424],[-22.02,-32.985]],"c":false}},"nm":"Path 1","hd":false},{"ty":"st","c":{"a":0,"k":[0.494117647409,0.290196090937,0.117647059262,1]},"o":{"a":0,"k":100},"w":{"a":0,"k":1},"lc":1,"lj":1,"ml":10,"bm":0,"nm":"Stroke 1","hd":false},{"ty":"tr","p":{"a":0,"k":[808.909,302.667]},"a":{"a":0,"k":[0,0]},"s":{"a":0,"k":[100,100]},"r":{"a":0,"k":0},"o":{"a":0,"k":100},"sk":{"a":0,"k":0},"sa":{"a":0,"k":0},"nm":"Transform"}],"nm":"Group 1","bm":0,"hd":false},{"ty":"gr","it":[{"ind":0,"ty":"sh","ks":{"a":0,"k":{"i":[[1.065,1.087],[6.388,-10.054],[-4.613,6.033],[2.121,0.798]],"o":[[0,0],[0,0],[4.613,-6.033],[0,0]],"v":[[-7.594,-11.611],[-7.905,11.611],[5.048,2.739],[5.669,-5.867]],"c":true}},"nm":"Path 1","hd":false},{"ty":"fl","c":{"a":0,"k":[0.678431391716,0.364705890417,0.639215707779,1]},"o":{"a":0,"k":100},"r":1,"bm":0,"nm":"Fill 1","hd":false},{"ty":"tr","p":{"a":0,"k":[839.154,350.938]},"a":{"a":0,"k":[0,0]},"s":{"a":0,"k":[100,100]},"r":{"a":0,"k":0},"o":{"a":0,"k":100},"sk":{"a":0,"k":0},"sa":{"a":0,"k":0},"nm":"Transform"}],"nm":"Group 2","bm":0,"hd":false},{"ty":"gr","it":[{"ind":0,"ty":"sh","ks":{"a":0,"k":{"i":[[0,0],[-0.343,-0.203],[1.86,-55.164],[0,0],[0.287,7.876],[3.46,2.208],[-2.909,1.729]],"o":[[0,0],[3.395,2.009],[0,0],[0,0],[-0.287,-7.876],[0,0],[0,0]],"v":[[-10.097,-35.469],[-9.564,-35.18],[10.383,35.469],[-0.876,35.469],[0.209,-2.088],[-4.337,-23.06],[-9.907,-35.383]],"c":false}},"nm":"Path 1","hd":false},{"ty":"fl","c":{"a":0,"k":[0.678431391716,0.364705890417,0.639215707779,1]},"o":{"a":0,"k":100},"r":1,"bm":0,"nm":"Fill 1","hd":false},{"ty":"tr","p":{"a":0,"k":[803.025,331.525]},"a":{"a":0,"k":[0,0]},"s":{"a":0,"k":[100,100]},"r":{"a":0,"k":0},"o":{"a":0,"k":100},"sk":{"a":0,"k":0},"sa":{"a":0,"k":0},"nm":"Transform"}],"nm":"Group 3","bm":0,"hd":false},{"ty":"gr","it":[{"ind":0,"ty":"sh","ks":{"a":0,"k":{"i":[[-3.946,7.117],[-17.034,-10.224],[-0.355,-33.243],[-4.259,-5.323],[-1.42,-4.228],[37.735,1.42],[4.576,10.079]],"o":[[0,0],[17.034,10.224],[0,0],[4.259,5.323],[1.42,4.228],[0,0],[0,0]],"v":[[-38.496,-58.235],[2.002,-59.251],[38.91,20.643],[14.778,32.594],[31.457,42.206],[-15.624,63.468],[-16.843,7.186]],"c":true}},"nm":"Path 1","hd":false},{"ty":"st","c":{"a":0,"k":[0.611764729023,0.239215686917,0.588235318661,1]},"o":{"a":0,"k":100},"w":{"a":0,"k":1},"lc":1,"lj":1,"ml":10,"bm":0,"nm":"Stroke 1","hd":false},{"ty":"fl","c":{"a":0,"k":[0.78823530674,0.447058826685,0.678431391716,1]},"o":{"a":0,"k":100},"r":1,"bm":0,"nm":"Fill 1","hd":false},{"ty":"tr","p":{"a":0,"k":[816.471,304.759]},"a":{"a":0,"k":[0,0]},"s":{"a":0,"k":[100,100]},"r":{"a":0,"k":0},"o":{"a":0,"k":100},"sk":{"a":0,"k":0},"sa":{"a":0,"k":0},"nm":"Transform"}],"nm":"Group 4","bm":0,"hd":false},{"ty":"tr","p":{"a":0,"k":[816.471,304.759]},"a":{"a":0,"k":[816.471,304.759]},"s":{"a":0,"k":[100,100]},"r":{"a":0,"k":0},"o":{"a":0,"k":100},"sk":{"a":0,"k":0},"sa":{"a":0,"k":0},"nm":"Transform"}],"nm":"Group 6","bm":0,"hd":false}],"ip":0,"op":96,"st":0,"bm":0},{"ddd":0,"ind":18,"ty":4,"nm":"Hand_02","parent":19,"sr":1,"ks":{"p":{"a":0,"k":[710.199,326.284,0]}},"ao":0,"shapes":[{"ty":"gr","it":[{"ind":0,"ty":"sh","ks":{"a":0,"k":{"i":[[0,0],[23.488,20.054],[-10.75,-11.234],[-20.135,-2.007],[0,0]],"o":[[0,0],[-16.347,-13.957],[0,0],[13.152,1.311],[0,0]],"v":[[29.824,-1.575],[-19.303,-37.656],[-37.196,-3.501],[34.221,40.709],[38.011,20.329]],"c":false}},"nm":"Path 1","hd":false},{"ty":"st","c":{"a":0,"k":[0.070588238537,0.290196090937,0.427450984716,1]},"o":{"a":0,"k":100},"w":{"a":0,"k":1},"lc":1,"lj":1,"ml":10,"bm":0,"nm":"Stroke 1","hd":false},{"ty":"fl","c":{"a":0,"k":[0.396078437567,0.623529434204,0.835294127464,1]},"o":{"a":0,"k":100},"r":1,"bm":0,"nm":"Fill 1","hd":false},{"ty":"tr","p":{"a":0,"k":[0,0]},"a":{"a":0,"k":[0,0]},"s":{"a":0,"k":[100,100]},"r":{"a":0,"k":0},"o":{"a":0,"k":100},"sk":{"a":0,"k":0},"sa":{"a":0,"k":0},"nm":"Transform"}],"nm":"Group 1","bm":0,"hd":false}],"ip":0,"op":96,"st":0,"bm":0},{"ddd":0,"ind":19,"ty":4,"nm":"Body","sr":1,"ks":{"r":{"a":1,"k":[{"i":{"x":[0.667],"y":[1]},"o":{"x":[0.333],"y":[0]},"t":30,"s":[0]},{"i":{"x":[0.667],"y":[1]},"o":{"x":[0.333],"y":[0]},"t":40,"s":[-4]},{"t":50,"s":[0]}]},"p":{"a":0,"k":[309.165,373.75,0]},"a":{"a":0,"k":[675.665,460.25,0]}},"ao":0,"shapes":[{"ty":"gr","it":[{"ind":0,"ty":"sh","ks":{"a":0,"k":{"i":[[0,0],[14.795,1.407],[-18.644,2.584],[0,0]],"o":[[0,0],[-20.097,-1.911],[18.644,-2.584],[0,0]],"v":[[14.265,-15.3],[-11.333,-8.566],[-7.962,15.133],[24.336,0.734]],"c":false}},"nm":"Path 1","hd":false},{"ty":"st","c":{"a":0,"k":[0.070588238537,0.290196090937,0.427450984716,1]},"o":{"a":0,"k":100},"w":{"a":0,"k":1},"lc":1,"lj":1,"ml":10,"bm":0,"nm":"Stroke 1","hd":false},{"ty":"fl","c":{"a":0,"k":[0.396078437567,0.623529434204,0.835294127464,1]},"o":{"a":0,"k":100},"r":1,"bm":0,"nm":"Fill 1","hd":false},{"ty":"tr","p":{"a":0,"k":[577.715,284.318]},"a":{"a":0,"k":[0,0]},"s":{"a":0,"k":[100,100]},"r":{"a":0,"k":0},"o":{"a":0,"k":100},"sk":{"a":0,"k":0},"sa":{"a":0,"k":0},"nm":"Transform"}],"nm":"Group 1","bm":0,"hd":false},{"ty":"gr","it":[{"ty":"gr","it":[{"ty":"gr","it":[{"ind":0,"ty":"sh","ks":{"a":0,"k":{"i":[[-6.242,-3.75],[-2.452,-12.874],[-3.191,7.285]],"o":[[0,0],[0,0],[0,0]],"v":[[5.684,-5.767],[-3.228,7.003],[-4.541,-3.539]],"c":true}},"nm":"Path 1","hd":false},{"ty":"fl","c":{"a":0,"k":[0.141176477075,0.482352942228,0.717647075653,1]},"o":{"a":0,"k":100},"r":1,"bm":0,"nm":"Fill 1","hd":false},{"ty":"tr","p":{"a":0,"k":[665.399,225.99]},"a":{"a":0,"k":[0,0]},"s":{"a":0,"k":[100,100]},"r":{"a":0,"k":0},"o":{"a":0,"k":100},"sk":{"a":0,"k":0},"sa":{"a":0,"k":0},"nm":"Transform"}],"nm":"Group 1","bm":0,"hd":false},{"ty":"gr","it":[{"ind":0,"ty":"sh","ks":{"a":0,"k":{"i":[[0,-4.418],[4.113,0],[0,4.418],[-4.113,0]],"o":[[0,4.418],[-4.113,0],[0,-4.418],[4.113,0]],"v":[[7.447,0],[0,8],[-7.447,0],[0,-8]],"c":true}},"nm":"Path 1","hd":false},{"ty":"fl","c":{"a":0,"k":[0.223529413342,0.482352942228,0.745098054409,1]},"o":{"a":0,"k":100},"r":1,"bm":0,"nm":"Fill 1","hd":false},{"ty":"tr","p":{"a":0,"k":[667.027,226.931]},"a":{"a":0,"k":[0,0]},"s":{"a":0,"k":[100,100]},"r":{"a":0,"k":0},"o":{"a":0,"k":100},"sk":{"a":0,"k":0},"sa":{"a":0,"k":0},"nm":"Transform"}],"nm":"Group 2","bm":0,"hd":false},{"ty":"tr","p":{"a":0,"k":[667.027,226.931]},"a":{"a":0,"k":[667.027,226.931]},"s":{"a":0,"k":[100,100]},"r":{"a":0,"k":0},"o":{"a":0,"k":100},"sk":{"a":0,"k":0},"sa":{"a":0,"k":0},"nm":"Transform"}],"nm":"Group 1","bm":0,"hd":false},{"ty":"gr","it":[{"ty":"gr","it":[{"ind":0,"ty":"sh","ks":{"a":0,"k":{"i":[[-5.844,-3.362],[-8.768,-19.487],[-5.316,17.393]],"o":[[0,0],[0,0],[0,0]],"v":[[5.89,-12.24],[-0.736,12.997],[-4.177,-6.676]],"c":true}},"nm":"Path 1","hd":false},{"ty":"fl","c":{"a":0,"k":[0.141176477075,0.482352942228,0.717647075653,1]},"o":{"a":0,"k":100},"r":1,"bm":0,"nm":"Fill 1","hd":false},{"ty":"tr","p":{"a":0,"k":[679.569,253.989]},"a":{"a":0,"k":[0,0]},"s":{"a":0,"k":[100,100]},"r":{"a":0,"k":0},"o":{"a":0,"k":100},"sk":{"a":0,"k":0},"sa":{"a":0,"k":0},"nm":"Transform"}],"nm":"Group 1","bm":0,"hd":false},{"ty":"gr","it":[{"ind":0,"ty":"sh","ks":{"a":0,"k":{"i":[[1.125,-7.214],[4.293,0.67],[-1.125,7.214],[-4.293,-0.67]],"o":[[-1.125,7.214],[-4.293,-0.67],[1.125,-7.214],[4.293,0.67]],"v":[[7.773,1.213],[-2.038,13.062],[-7.773,-1.213],[2.038,-13.062]],"c":true}},"nm":"Path 1","hd":false},{"ty":"fl","c":{"a":0,"k":[0.223529413342,0.482352942228,0.745098054409,1]},"o":{"a":0,"k":100},"r":1,"bm":0,"nm":"Fill 1","hd":false},{"ty":"tr","p":{"a":0,"k":[681.505,254.072]},"a":{"a":0,"k":[0,0]},"s":{"a":0,"k":[100,100]},"r":{"a":0,"k":0},"o":{"a":0,"k":100},"sk":{"a":0,"k":0},"sa":{"a":0,"k":0},"nm":"Transform"}],"nm":"Group 2","bm":0,"hd":false},{"ty":"tr","p":{"a":0,"k":[681.505,254.072]},"a":{"a":0,"k":[681.505,254.072]},"s":{"a":0,"k":[100,100]},"r":{"a":0,"k":0},"o":{"a":0,"k":100},"sk":{"a":0,"k":0},"sa":{"a":0,"k":0},"nm":"Transform"}],"nm":"Group 2","bm":0,"hd":false},{"ty":"gr","it":[{"ty":"gr","it":[{"ind":0,"ty":"sh","ks":{"a":0,"k":{"i":[[-6.312,-1.09],[-8.17,-6.851],[-5.974,3.69]],"o":[[0,0],[0,0],[0,0]],"v":[[7.213,-3.612],[-2.752,3.883],[-5.045,-2.151]],"c":true}},"nm":"Path 1","hd":false},{"ty":"fl","c":{"a":0,"k":[0.141176477075,0.482352942228,0.717647075653,1]},"o":{"a":0,"k":100},"r":1,"bm":0,"nm":"Fill 1","hd":false},{"ty":"tr","p":{"a":0,"k":[574.097,444.037]},"a":{"a":0,"k":[0,0]},"s":{"a":0,"k":[100,100]},"r":{"a":0,"k":0},"o":{"a":0,"k":100},"sk":{"a":0,"k":0},"sa":{"a":0,"k":0},"nm":"Transform"}],"nm":"Group 1","bm":0,"hd":false},{"ty":"gr","it":[{"ind":0,"ty":"sh","ks":{"a":0,"k":{"i":[[0,-2.397],[5.993,0],[0,2.397],[-5.993,0]],"o":[[0,2.397],[-5.993,0],[0,-2.397],[5.993,0]],"v":[[10.851,0],[0,4.34],[-10.851,0],[0,-4.34]],"c":true}},"nm":"Path 1","hd":false},{"ty":"fl","c":{"a":0,"k":[0.223529413342,0.482352942228,0.745098054409,1]},"o":{"a":0,"k":100},"r":1,"bm":0,"nm":"Fill 1","hd":false},{"ty":"tr","p":{"a":0,"k":[577.686,444.515]},"a":{"a":0,"k":[0,0]},"s":{"a":0,"k":[100,100]},"r":{"a":0,"k":0},"o":{"a":0,"k":100},"sk":{"a":0,"k":0},"sa":{"a":0,"k":0},"nm":"Transform"}],"nm":"Group 2","bm":0,"hd":false},{"ty":"tr","p":{"a":0,"k":[577.686,444.515]},"a":{"a":0,"k":[577.686,444.515]},"s":{"a":0,"k":[100,100]},"r":{"a":0,"k":0},"o":{"a":0,"k":100},"sk":{"a":0,"k":0},"sa":{"a":0,"k":0},"nm":"Transform"}],"nm":"Group 3","bm":0,"hd":false},{"ty":"gr","it":[{"ty":"gr","it":[{"ind":0,"ty":"sh","ks":{"a":0,"k":{"i":[[-10.941,6.346],[-0.026,-10.641],[-5.17,-0.255]],"o":[[0,0],[0,0],[0,0]],"v":[[3.447,-7.62],[-3.447,0.862],[2.005,7.8]],"c":true}},"nm":"Path 1","hd":false},{"ty":"fl","c":{"a":0,"k":[0.141176477075,0.482352942228,0.717647075653,1]},"o":{"a":0,"k":100},"r":1,"bm":0,"nm":"Fill 1","hd":false},{"ty":"tr","p":{"a":0,"k":[666.703,380.162]},"a":{"a":0,"k":[0,0]},"s":{"a":0,"k":[100,100]},"r":{"a":0,"k":0},"o":{"a":0,"k":100},"sk":{"a":0,"k":0},"sa":{"a":0,"k":0},"nm":"Transform"}],"nm":"Group 1","bm":0,"hd":false},{"ty":"gr","it":[{"ind":0,"ty":"sh","ks":{"a":0,"k":{"i":[[0,-4.336],[3.032,0],[0,4.336],[-3.032,0]],"o":[[0,4.336],[-3.032,0],[0,-4.336],[3.032,0]],"v":[[5.489,0],[0,7.851],[-5.489,0],[0,-7.851]],"c":true}},"nm":"Path 1","hd":false},{"ty":"fl","c":{"a":0,"k":[0.223529413342,0.482352942228,0.745098054409,1]},"o":{"a":0,"k":100},"r":1,"bm":0,"nm":"Fill 1","hd":false},{"ty":"tr","p":{"a":0,"k":[668.707,380.111]},"a":{"a":0,"k":[0,0]},"s":{"a":0,"k":[100,100]},"r":{"a":0,"k":0},"o":{"a":0,"k":100},"sk":{"a":0,"k":0},"sa":{"a":0,"k":0},"nm":"Transform"}],"nm":"Group 2","bm":0,"hd":false},{"ty":"tr","p":{"a":0,"k":[668.707,380.111]},"a":{"a":0,"k":[668.707,380.111]},"s":{"a":0,"k":[100,100]},"r":{"a":0,"k":0},"o":{"a":0,"k":100},"sk":{"a":0,"k":0},"sa":{"a":0,"k":0},"nm":"Transform"}],"nm":"Group 4","bm":0,"hd":false},{"ty":"gr","it":[{"ty":"gr","it":[{"ind":0,"ty":"sh","ks":{"a":0,"k":{"i":[[-6.701,-2.019],[-12.255,-23.677],[-7.353,18.511]],"o":[[0,0],[0,0],[0,0]],"v":[[6.541,-16.664],[0.732,16.955],[-4.195,-9.538]],"c":true}},"nm":"Path 1","hd":false},{"ty":"fl","c":{"a":0,"k":[0.141176477075,0.482352942228,0.717647075653,1]},"o":{"a":0,"k":100},"r":1,"bm":0,"nm":"Fill 1","hd":false},{"ty":"tr","p":{"a":0,"k":[688.018,386.011]},"a":{"a":0,"k":[0,0]},"s":{"a":0,"k":[100,100]},"r":{"a":0,"k":0},"o":{"a":0,"k":100},"sk":{"a":0,"k":0},"sa":{"a":0,"k":0},"nm":"Transform"}],"nm":"Group 1","bm":0,"hd":false},{"ty":"gr","it":[{"ind":0,"ty":"sh","ks":{"a":0,"k":{"i":[[0,-9.659],[6.125,0],[0,9.659],[-6.125,0]],"o":[[0,9.659],[-6.125,0],[0,-9.659],[6.125,0]],"v":[[11.091,0],[0,17.489],[-11.091,0],[0,-17.489]],"c":true}},"nm":"Path 1","hd":false},{"ty":"fl","c":{"a":0,"k":[0.223529413342,0.482352942228,0.745098054409,1]},"o":{"a":0,"k":100},"r":1,"bm":0,"nm":"Fill 1","hd":false},{"ty":"tr","p":{"a":0,"k":[692.596,386.558]},"a":{"a":0,"k":[0,0]},"s":{"a":0,"k":[100,100]},"r":{"a":0,"k":0},"o":{"a":0,"k":100},"sk":{"a":0,"k":0},"sa":{"a":0,"k":0},"nm":"Transform"}],"nm":"Group 2","bm":0,"hd":false},{"ty":"tr","p":{"a":0,"k":[692.596,386.558]},"a":{"a":0,"k":[692.596,386.558]},"s":{"a":0,"k":[100,100]},"r":{"a":0,"k":0},"o":{"a":0,"k":100},"sk":{"a":0,"k":0},"sa":{"a":0,"k":0},"nm":"Transform"}],"nm":"Group 5","bm":0,"hd":false},{"ty":"gr","it":[{"ty":"gr","it":[{"ind":0,"ty":"sh","ks":{"a":0,"k":{"i":[[-27.523,-2.986],[13.303,-12.348],[-8.309,-12.822]],"o":[[0,0],[0,0],[0,0]],"v":[[14.261,-8.851],[-9.764,-8.382],[-10.824,13.994]],"c":true}},"nm":"Path 1","hd":false},{"ty":"fl","c":{"a":0,"k":[0.141176477075,0.482352942228,0.717647075653,1]},"o":{"a":0,"k":100},"r":1,"bm":0,"nm":"Fill 1","hd":false},{"ty":"tr","p":{"a":0,"k":[669.562,417.954]},"a":{"a":0,"k":[0,0]},"s":{"a":0,"k":[100,100]},"r":{"a":0,"k":0},"o":{"a":0,"k":100},"sk":{"a":0,"k":0},"sa":{"a":0,"k":0},"nm":"Transform"}],"nm":"Group 1","bm":0,"hd":false},{"ty":"gr","it":[{"ind":0,"ty":"sh","ks":{"a":0,"k":{"i":[[0,-9.589],[9.236,0],[0,9.589],[-9.236,0]],"o":[[0,9.589],[-9.236,0],[0,-9.589],[9.236,0]],"v":[[16.723,0],[0,17.362],[-16.723,0],[0,-17.362]],"c":true}},"nm":"Path 1","hd":false},{"ty":"fl","c":{"a":0,"k":[0.223529413342,0.482352942228,0.745098054409,1]},"o":{"a":0,"k":100},"r":1,"bm":0,"nm":"Fill 1","hd":false},{"ty":"tr","p":{"a":0,"k":[672.026,421.409]},"a":{"a":0,"k":[0,0]},"s":{"a":0,"k":[100,100]},"r":{"a":0,"k":0},"o":{"a":0,"k":100},"sk":{"a":0,"k":0},"sa":{"a":0,"k":0},"nm":"Transform"}],"nm":"Group 2","bm":0,"hd":false},{"ty":"tr","p":{"a":0,"k":[672.026,421.409]},"a":{"a":0,"k":[672.026,421.409]},"s":{"a":0,"k":[100,100]},"r":{"a":0,"k":0},"o":{"a":0,"k":100},"sk":{"a":0,"k":0},"sa":{"a":0,"k":0},"nm":"Transform"}],"nm":"Group 6","bm":0,"hd":false},{"ty":"gr","it":[{"ty":"gr","it":[{"ind":0,"ty":"sh","ks":{"a":0,"k":{"i":[[-4.333,-2.99],[-12.905,1.084],[4.932,-5.31]],"o":[[0,0],[0,0],[0,0]],"v":[[-4.635,4.797],[7.134,-4.32],[-6.349,-1.268]],"c":true}},"nm":"Path 1","hd":false},{"ty":"fl","c":{"a":0,"k":[0.141176477075,0.482352942228,0.717647075653,1]},"o":{"a":0,"k":100},"r":1,"bm":0,"nm":"Fill 1","hd":false},{"ty":"tr","p":{"a":0,"k":[643.478,447.92]},"a":{"a":0,"k":[0,0]},"s":{"a":0,"k":[100,100]},"r":{"a":0,"k":0},"o":{"a":0,"k":100},"sk":{"a":0,"k":0},"sa":{"a":0,"k":0},"nm":"Transform"}],"nm":"Group 1","bm":0,"hd":false},{"ty":"gr","it":[{"ind":0,"ty":"sh","ks":{"a":0,"k":{"i":[[0,-3.243],[5.429,0],[0,3.243],[-5.429,0]],"o":[[0,3.243],[-5.429,0],[0,-3.243],[5.429,0]],"v":[[9.83,0],[0,5.872],[-9.83,0],[0,-5.872]],"c":true}},"nm":"Path 1","hd":false},{"ty":"fl","c":{"a":0,"k":[0.223529413342,0.482352942228,0.745098054409,1]},"o":{"a":0,"k":100},"r":1,"bm":0,"nm":"Fill 1","hd":false},{"ty":"tr","p":{"a":0,"k":[646.239,448.856]},"a":{"a":0,"k":[0,0]},"s":{"a":0,"k":[100,100]},"r":{"a":0,"k":0},"o":{"a":0,"k":100},"sk":{"a":0,"k":0},"sa":{"a":0,"k":0},"nm":"Transform"}],"nm":"Group 2","bm":0,"hd":false},{"ty":"tr","p":{"a":0,"k":[646.239,448.856]},"a":{"a":0,"k":[646.239,448.856]},"s":{"a":0,"k":[100,100]},"r":{"a":0,"k":0},"o":{"a":0,"k":100},"sk":{"a":0,"k":0},"sa":{"a":0,"k":0},"nm":"Transform"}],"nm":"Group 7","bm":0,"hd":false},{"ty":"gr","it":[{"ind":0,"ty":"sh","ks":{"a":0,"k":{"i":[[-2.795,-5.226],[-3.194,-39.569],[-0.231,-13.485],[28.917,-29.338],[19.515,5.501],[22.875,12.776],[-25.906,28.568],[4.851,21.418],[-16.655,49.542]],"o":[[0,0],[0,0],[0.231,13.485],[-28.917,29.338],[0,0],[-22.875,-12.776],[25.906,-28.568],[0,0],[0,0]],"v":[[70.829,-123.709],[65.55,-46.886],[85.192,35.622],[60.044,112.748],[-33.109,133.391],[-82.093,116.889],[21.723,108.727],[50.351,2.212],[60.138,-137.025]],"c":true}},"nm":"Path 1","hd":false},{"ty":"fl","c":{"a":0,"k":[0.192156866193,0.54509806633,0.784313738346,1]},"o":{"a":0,"k":100},"r":1,"bm":0,"nm":"Fill 1","hd":false},{"ty":"tr","p":{"a":0,"k":[627.829,335.976]},"a":{"a":0,"k":[0,0]},"s":{"a":0,"k":[100,100]},"r":{"a":0,"k":0},"o":{"a":0,"k":65},"sk":{"a":0,"k":0},"sa":{"a":0,"k":0},"nm":"Transform"}],"nm":"Group 8","bm":0,"hd":false},{"ty":"gr","it":[{"ind":0,"ty":"sh","ks":{"a":0,"k":{"i":[[32.471,-1.863],[46.045,-38.593],[-149.587,-43.314],[19.512,38.771],[-14.07,25.906]],"o":[[0,0],[-57.097,47.856],[140.432,40.663],[-21.877,-43.471],[14.6,-26.883]],"v":[[63.756,-166.597],[-26.738,-129.335],[-30.464,158.603],[103.022,36.657],[103.022,-116.471]],"c":true}},"nm":"Path 1","hd":false},{"ty":"st","c":{"a":0,"k":[0.070588238537,0.290196090937,0.427450984716,1]},"o":{"a":0,"k":100},"w":{"a":0,"k":1},"lc":1,"lj":1,"ml":10,"bm":0,"nm":"Stroke 1","hd":false},{"ty":"fl","c":{"a":0,"k":[0.396078437567,0.623529434204,0.835294127464,1]},"o":{"a":0,"k":100},"r":1,"bm":0,"nm":"Fill 1","hd":false},{"ty":"tr","p":{"a":0,"k":[604.25,306.905]},"a":{"a":0,"k":[0,0]},"s":{"a":0,"k":[100,100]},"r":{"a":0,"k":0},"o":{"a":0,"k":100},"sk":{"a":0,"k":0},"sa":{"a":0,"k":0},"nm":"Transform"}],"nm":"Group 9","bm":0,"hd":false},{"ty":"tr","p":{"a":0,"k":[604.25,306.905]},"a":{"a":0,"k":[604.25,306.905]},"s":{"a":0,"k":[100,100]},"r":{"a":0,"k":0},"o":{"a":0,"k":100},"sk":{"a":0,"k":0},"sa":{"a":0,"k":0},"nm":"Transform"}],"nm":"Group 2","bm":0,"hd":false}],"ip":0,"op":96,"st":0,"bm":0},{"ddd":0,"ind":20,"ty":4,"nm":"Hand_01","parent":19,"sr":1,"ks":{"p":{"a":0,"k":[494.12,343.541,0]},"a":{"a":0,"k":[494.12,343.541,0]}},"ao":0,"shapes":[{"ty":"gr","it":[{"ind":0,"ty":"sh","ks":{"a":0,"k":{"i":[[0,0],[-10.494,-0.217]],"o":[[0,0],[0,0]],"v":[[-6.46,3.633],[6.46,-3.628]],"c":false}},"nm":"Path 1","hd":false},{"ty":"st","c":{"a":0,"k":[0.043137256056,0.403921574354,0.270588248968,1]},"o":{"a":0,"k":100},"w":{"a":0,"k":1},"lc":1,"lj":1,"ml":10,"bm":0,"nm":"Stroke 1","hd":false},{"ty":"fl","c":{"a":0,"k":[0.498039215803,0.792156875134,0.674509823322,1]},"o":{"a":0,"k":100},"r":1,"bm":0,"nm":"Fill 1","hd":false},{"ty":"tr","p":{"a":0,"k":[499.426,403.152]},"a":{"a":0,"k":[0,0]},"s":{"a":0,"k":[100,100]},"r":{"a":0,"k":0},"o":{"a":0,"k":100},"sk":{"a":0,"k":0},"sa":{"a":0,"k":0},"nm":"Transform"}],"nm":"Group 1","bm":0,"hd":false},{"ty":"gr","it":[{"ind":0,"ty":"sh","ks":{"a":0,"k":{"i":[[0,0],[4.977,-3.691],[0,0],[0,0]],"o":[[0,0],[-5.642,4.184],[0,0],[0,0]],"v":[[7.492,-4.238],[-4.984,-7.496],[-4.984,1.013],[5.276,8.576]],"c":false}},"nm":"Path 1","hd":false},{"ty":"st","c":{"a":0,"k":[0.043137256056,0.403921574354,0.270588248968,1]},"o":{"a":0,"k":100},"w":{"a":0,"k":1},"lc":1,"lj":1,"ml":10,"bm":0,"nm":"Stroke 1","hd":false},{"ty":"fl","c":{"a":0,"k":[0.498039215803,0.792156875134,0.674509823322,1]},"o":{"a":0,"k":100},"r":1,"bm":0,"nm":"Fill 1","hd":false},{"ty":"tr","p":{"a":0,"k":[489.744,400.008]},"a":{"a":0,"k":[0,0]},"s":{"a":0,"k":[100,100]},"r":{"a":0,"k":0},"o":{"a":0,"k":100},"sk":{"a":0,"k":0},"sa":{"a":0,"k":0},"nm":"Transform"}],"nm":"Group 2","bm":0,"hd":false},{"ty":"gr","it":[{"ind":0,"ty":"sh","ks":{"a":0,"k":{"i":[[0,0],[24.398,-7.349],[0,0],[0,0],[-0.164,-14.809],[-23.396,3.127],[0.681,14.554]],"o":[[0,0],[0,0],[0,0],[0,0],[0,0],[0,0],[0,0]],"v":[[1.975,-36.551],[-23.879,-18.059],[1.975,6.554],[-3.736,16.602],[-14.945,23.504],[9.193,36.14],[23.857,20.526]],"c":true}},"nm":"Path 1","hd":false},{"ty":"st","c":{"a":0,"k":[0.043137256056,0.403921574354,0.270588248968,1]},"o":{"a":0,"k":100},"w":{"a":0,"k":1},"lc":1,"lj":1,"ml":10,"bm":0,"nm":"Stroke 1","hd":false},{"ty":"fl","c":{"a":0,"k":[0.498039215803,0.792156875134,0.674509823322,1]},"o":{"a":0,"k":100},"r":1,"bm":0,"nm":"Fill 1","hd":false},{"ty":"tr","p":{"a":0,"k":[490.992,386.258]},"a":{"a":0,"k":[0,0]},"s":{"a":0,"k":[100,100]},"r":{"a":0,"k":0},"o":{"a":0,"k":100},"sk":{"a":0,"k":0},"sa":{"a":0,"k":0},"nm":"Transform"}],"nm":"Group 3","bm":0,"hd":false},{"ty":"gr","it":[{"ind":0,"ty":"sh","ks":{"a":0,"k":{"i":[[0,0],[-23.873,-17.773],[18.151,-12.857],[-2.647,13.614],[0,0]],"o":[[0,0],[11.614,8.646],[-18.151,12.857],[2.647,-13.614],[0,0]],"v":[[-16.875,-50.316],[7.327,1.113],[13.756,44.223],[-22.547,34.013],[-3.778,35.904]],"c":false}},"nm":"Path 1","hd":false},{"ty":"st","c":{"a":0,"k":[0.070588238537,0.290196090937,0.427450984716,1]},"o":{"a":0,"k":100},"w":{"a":0,"k":1},"lc":1,"lj":1,"ml":10,"bm":0,"nm":"Stroke 1","hd":false},{"ty":"fl","c":{"a":0,"k":[0.396078437567,0.623529434204,0.835294127464,1]},"o":{"a":0,"k":100},"r":1,"bm":0,"nm":"Fill 1","hd":false},{"ty":"tr","p":{"a":0,"k":[498.798,372.68]},"a":{"a":0,"k":[0,0]},"s":{"a":0,"k":[100,100]},"r":{"a":0,"k":0},"o":{"a":0,"k":100},"sk":{"a":0,"k":0},"sa":{"a":0,"k":0},"nm":"Transform"}],"nm":"Group 4","bm":0,"hd":false},{"ty":"gr","it":[{"ind":0,"ty":"sh","ks":{"a":0,"k":{"i":[[0,0],[0,0],[0,0],[17.395,-15.504],[-54.135,-59.217]],"o":[[0,0],[29.118,-38.572],[0,0],[0,0],[0,0]],"v":[[-13.484,-8.558],[27.97,-29.669],[25.619,-65.511],[-39.045,-27.318],[2.439,65.553]],"c":false}},"nm":"Path 1","hd":false},{"ty":"st","c":{"a":0,"k":[0.070588238537,0.290196090937,0.427450984716,1]},"o":{"a":0,"k":100},"w":{"a":0,"k":1},"lc":1,"lj":1,"ml":10,"bm":0,"nm":"Stroke 1","hd":false},{"ty":"fl","c":{"a":0,"k":[0.396078437567,0.623529434204,0.835294127464,1]},"o":{"a":0,"k":100},"r":1,"bm":0,"nm":"Fill 1","hd":false},{"ty":"tr","p":{"a":0,"k":[494.12,329.64]},"a":{"a":0,"k":[0,0]},"s":{"a":0,"k":[100,100]},"r":{"a":0,"k":0},"o":{"a":0,"k":100},"sk":{"a":0,"k":0},"sa":{"a":0,"k":0},"nm":"Transform"}],"nm":"Group 5","bm":0,"hd":false},{"ty":"gr","it":[{"ind":0,"ty":"sh","ks":{"a":0,"k":{"i":[[0,0],[-19.851,5.489],[0,0],[0,0]],"o":[[0,0],[0,0],[0,0],[0,0]],"v":[[-13.787,5.879],[12.574,-13.717],[13.787,0.134],[-5.097,13.717]],"c":true}},"nm":"Path 1","hd":false},{"ty":"st","c":{"a":0,"k":[0.043137256056,0.403921574354,0.270588248968,1]},"o":{"a":0,"k":100},"w":{"a":0,"k":1},"lc":1,"lj":1,"ml":10,"bm":0,"nm":"Stroke 1","hd":false},{"ty":"fl","c":{"a":0,"k":[0.176470592618,0.68235296011,0.501960813999,1]},"o":{"a":0,"k":100},"r":1,"bm":0,"nm":"Fill 1","hd":false},{"ty":"tr","p":{"a":0,"k":[480.275,362.16]},"a":{"a":0,"k":[0,0]},"s":{"a":0,"k":[100,100]},"r":{"a":0,"k":0},"o":{"a":0,"k":100},"sk":{"a":0,"k":0},"sa":{"a":0,"k":0},"nm":"Transform"}],"nm":"Group 6","bm":0,"hd":false}],"ip":0,"op":96,"st":0,"bm":0},{"ddd":0,"ind":21,"ty":4,"nm":"Leg_02","sr":1,"ks":{"p":{"a":0,"k":[320.935,406.831,0]},"a":{"a":0,"k":[687.435,493.331,0]}},"ao":0,"shapes":[{"ty":"gr","it":[{"ind":0,"ty":"sh","ks":{"a":0,"k":{"i":[[0,0],[0,0],[0,0],[0,0]],"o":[[0,0],[0,0],[0,0],[0,0]],"v":[[-10.252,-4.136],[-5.382,16.647],[10.252,10.887],[4.556,-16.647]],"c":true}},"nm":"Path 1","hd":false},{"ty":"fl","c":{"a":0,"k":[0.149019613862,0.470588237047,0.68235296011,1]},"o":{"a":0,"k":100},"r":1,"bm":0,"nm":"Fill 1","hd":false},{"ty":"tr","p":{"a":0,"k":[663.059,466.963]},"a":{"a":0,"k":[0,0]},"s":{"a":0,"k":[100,100]},"r":{"a":0,"k":0},"o":{"a":0,"k":68},"sk":{"a":0,"k":0},"sa":{"a":0,"k":0},"nm":"Transform"}],"nm":"Group 1","bm":0,"hd":false},{"ty":"gr","it":[{"ind":0,"ty":"sh","ks":{"a":0,"k":{"i":[[-3.824,10.169],[-8.261,-2.495],[3.467,-1.249]],"o":[[0,0],[8.261,2.495],[-3.467,1.249]],"v":[[-9.885,-3.383],[1.681,-5.232],[8.846,5.421]],"c":true}},"nm":"Path 1","hd":false},{"ty":"fl","c":{"a":0,"k":[0.51372551918,0.75686275959,0.854901969433,1]},"o":{"a":0,"k":100},"r":1,"bm":0,"nm":"Fill 1","hd":false},{"ty":"tr","p":{"a":0,"k":[708.82,556.223]},"a":{"a":0,"k":[0,0]},"s":{"a":0,"k":[100,100]},"r":{"a":0,"k":0},"o":{"a":0,"k":19},"sk":{"a":0,"k":0},"sa":{"a":0,"k":0},"nm":"Transform"}],"nm":"Group 2","bm":0,"hd":false},{"ty":"gr","it":[{"ind":0,"ty":"sh","ks":{"a":0,"k":{"i":[[0,0],[3.891,-16.381]],"o":[[0,0],[0,0]],"v":[[12.252,-9.676],[-12.252,9.676]],"c":false}},"nm":"Path 1","hd":false},{"ty":"st","c":{"a":0,"k":[0.160784319043,0.184313729405,0.439215689898,1]},"o":{"a":0,"k":100},"w":{"a":0,"k":1},"lc":1,"lj":1,"ml":10,"bm":0,"nm":"Stroke 1","hd":false},{"ty":"fl","c":{"a":0,"k":[0.219607844949,0.282352954149,0.615686297417,1]},"o":{"a":0,"k":100},"r":1,"bm":0,"nm":"Fill 1","hd":false},{"ty":"tr","p":{"a":0,"k":[685.293,556.223]},"a":{"a":0,"k":[0,0]},"s":{"a":0,"k":[100,100]},"r":{"a":0,"k":0},"o":{"a":0,"k":100},"sk":{"a":0,"k":0},"sa":{"a":0,"k":0},"nm":"Transform"}],"nm":"Group 3","bm":0,"hd":false},{"ty":"gr","it":[{"ind":0,"ty":"sh","ks":{"a":0,"k":{"i":[[-1.068,11.587],[18.631,3.405],[-1.159,-26.947],[-27.281,2.124],[0,0],[22.265,8.349],[0,0]],"o":[[0,0],[0,0],[0,0],[27.281,-2.124],[0,0],[-12.134,-4.55],[0,0]],"v":[[-0.106,-37.666],[-40.699,-37.666],[-34.926,31.453],[9.78,37.307],[40.486,31.811],[21.807,-4.331],[4.068,-7.504]],"c":true}},"nm":"Path 1","hd":false},{"ty":"st","c":{"a":0,"k":[0.160784319043,0.184313729405,0.439215689898,1]},"o":{"a":0,"k":100},"w":{"a":0,"k":1},"lc":1,"lj":1,"ml":10,"bm":0,"nm":"Stroke 1","hd":false},{"ty":"fl","c":{"a":0,"k":[0.219607844949,0.282352954149,0.615686297417,1]},"o":{"a":0,"k":100},"r":1,"bm":0,"nm":"Fill 1","hd":false},{"ty":"tr","p":{"a":0,"k":[692.479,554.15]},"a":{"a":0,"k":[0,0]},"s":{"a":0,"k":[100,100]},"r":{"a":0,"k":0},"o":{"a":0,"k":100},"sk":{"a":0,"k":0},"sa":{"a":0,"k":0},"nm":"Transform"}],"nm":"Group 4","bm":0,"hd":false},{"ty":"gr","it":[{"ind":0,"ty":"sh","ks":{"a":0,"k":{"i":[[-1.91,-9.056],[0,0],[0,0],[0,0],[6.981,33.356]],"o":[[8.036,38.05],[0,0],[0,0],[0,0],[-1.951,-9.324]],"v":[[-21.843,-62.425],[6.017,70.769],[18.129,70.986],[21.995,68.187],[-5.162,-65.381]],"c":true}},"nm":"Path 1","hd":false},{"ty":"st","c":{"a":0,"k":[0.070588238537,0.290196090937,0.427450984716,1]},"o":{"a":0,"k":100},"w":{"a":0,"k":1},"lc":1,"lj":1,"ml":10,"bm":0,"nm":"Stroke 1","hd":false},{"ty":"fl","c":{"a":0,"k":[0.396078437567,0.623529434204,0.835294127464,1]},"o":{"a":0,"k":100},"r":1,"bm":0,"nm":"Fill 1","hd":false},{"ty":"tr","p":{"a":0,"k":[660.889,457.084]},"a":{"a":0,"k":[0,0]},"s":{"a":0,"k":[100,100]},"r":{"a":0,"k":0},"o":{"a":0,"k":100},"sk":{"a":0,"k":0},"sa":{"a":0,"k":0},"nm":"Transform"}],"nm":"Group 5","bm":0,"hd":false},{"ty":"gr","it":[{"ind":0,"ty":"sh","ks":{"a":0,"k":{"i":[[-16.154,10.881],[20.352,-0.124],[-1.065,-1.538]],"o":[[0,0],[-20.352,0.124],[0,0]],"v":[[20.443,-0.659],[1.473,-4.219],[-20.256,-0.485]],"c":true}},"nm":"Path 1","hd":false},{"ty":"st","c":{"a":0,"k":[0.188235297799,0.188235297799,0.184313729405,1]},"o":{"a":0,"k":100},"w":{"a":0,"k":0.75},"lc":1,"lj":1,"ml":10,"bm":0,"nm":"Stroke 1","hd":false},{"ty":"fl","c":{"a":0,"k":[0.160784319043,0.298039227724,0.329411774874,1]},"o":{"a":0,"k":100},"r":1,"bm":0,"nm":"Fill 1","hd":false},{"ty":"tr","p":{"a":0,"k":[672.036,516.109]},"a":{"a":0,"k":[0,0]},"s":{"a":0,"k":[100,100]},"r":{"a":0,"k":0},"o":{"a":0,"k":100},"sk":{"a":0,"k":0},"sa":{"a":0,"k":0},"nm":"Transform"}],"nm":"Group 6","bm":0,"hd":false},{"ty":"gr","it":[{"ind":0,"ty":"sh","ks":{"a":0,"k":{"i":[[-35.833,-10.558],[4.329,-7.576],[12.926,8.881],[-4.428,1.505],[0,0]],"o":[[0,0],[-4.329,7.576],[0,0],[4.428,-1.505],[0,0]],"v":[[37.646,-4.843],[39.038,4.349],[-40.216,2.792],[-37.767,-5.201],[-37.615,-5.675]],"c":true}},"nm":"Path 1","hd":false},{"ty":"st","c":{"a":0,"k":[0.086274512112,0.141176477075,0.298039227724,1]},"o":{"a":0,"k":100},"w":{"a":0,"k":1},"lc":1,"lj":1,"ml":10,"bm":0,"nm":"Stroke 1","hd":false},{"ty":"fl","c":{"a":0,"k":[0.086274512112,0.141176477075,0.298039227724,1]},"o":{"a":0,"k":100},"r":1,"bm":0,"nm":"Fill 1","hd":false},{"ty":"tr","p":{"a":0,"k":[695.319,590.804]},"a":{"a":0,"k":[0,0]},"s":{"a":0,"k":[100,100]},"r":{"a":0,"k":0},"o":{"a":0,"k":100},"sk":{"a":0,"k":0},"sa":{"a":0,"k":0},"nm":"Transform"}],"nm":"Group 7","bm":0,"hd":false}],"ip":0,"op":96,"st":0,"bm":0},{"ddd":0,"ind":22,"ty":4,"nm":"Leg_01","sr":1,"ks":{"p":{"a":0,"k":[201.9,395.168,0]},"a":{"a":0,"k":[568.4,481.668,0]}},"ao":0,"shapes":[{"ty":"gr","it":[{"ind":0,"ty":"sh","ks":{"a":0,"k":{"i":[[0,0],[0,0],[0,0],[0,0]],"o":[[0,0],[0,0],[0,0],[0,0]],"v":[[9.641,12.945],[-7.25,9.39],[-9.641,-12.945],[7.969,-9.545]],"c":true}},"nm":"Path 1","hd":false},{"ty":"fl","c":{"a":0,"k":[0.149019613862,0.470588237047,0.68235296011,1]},"o":{"a":0,"k":100},"r":1,"bm":0,"nm":"Fill 1","hd":false},{"ty":"tr","p":{"a":0,"k":[581.263,466.629]},"a":{"a":0,"k":[0,0]},"s":{"a":0,"k":[100,100]},"r":{"a":0,"k":0},"o":{"a":0,"k":68},"sk":{"a":0,"k":0},"sa":{"a":0,"k":0},"nm":"Transform"}],"nm":"Group 1","bm":0,"hd":false},{"ty":"gr","it":[{"ind":0,"ty":"sh","ks":{"a":0,"k":{"i":[[7.682,-0.735],[36.093,-13.775],[-15.082,8.517],[0,0]],"o":[[0,0],[0,0],[0,0],[0,0]],"v":[[5.152,-36.017],[-18.398,38.455],[17.961,29.471],[18.398,-38.455]],"c":true}},"nm":"Path 1","hd":false},{"ty":"fl","c":{"a":0,"k":[0.152941182256,0.227450981736,0.57647061348,1]},"o":{"a":0,"k":100},"r":1,"bm":0,"nm":"Fill 1","hd":false},{"ty":"tr","p":{"a":0,"k":[586.798,539.211]},"a":{"a":0,"k":[0,0]},"s":{"a":0,"k":[100,100]},"r":{"a":0,"k":0},"o":{"a":0,"k":100},"sk":{"a":0,"k":0},"sa":{"a":0,"k":0},"nm":"Transform"}],"nm":"Group 2","bm":0,"hd":false},{"ty":"gr","it":[{"ind":0,"ty":"sh","ks":{"a":0,"k":{"i":[[3.824,10.169],[8.261,-2.495],[-3.467,-1.249]],"o":[[0,0],[-8.261,2.495],[3.467,1.249]],"v":[[9.885,-3.383],[-1.681,-5.232],[-8.846,5.421]],"c":true}},"nm":"Path 1","hd":false},{"ty":"fl","c":{"a":0,"k":[0.51372551918,0.75686275959,0.854901969433,1]},"o":{"a":0,"k":100},"r":1,"bm":0,"nm":"Fill 1","hd":false},{"ty":"tr","p":{"a":0,"k":[551.142,543.192]},"a":{"a":0,"k":[0,0]},"s":{"a":0,"k":[100,100]},"r":{"a":0,"k":0},"o":{"a":0,"k":19},"sk":{"a":0,"k":0},"sa":{"a":0,"k":0},"nm":"Transform"}],"nm":"Group 3","bm":0,"hd":false},{"ty":"gr","it":[{"ind":0,"ty":"sh","ks":{"a":0,"k":{"i":[[0,0],[-6.094,-16.991]],"o":[[0,0],[0,0]],"v":[[-12.977,-8.679],[12.977,8.679]],"c":false}},"nm":"Path 1","hd":false},{"ty":"st","c":{"a":0,"k":[0.160784319043,0.184313729405,0.439215689898,1]},"o":{"a":0,"k":100},"w":{"a":0,"k":1},"lc":1,"lj":1,"ml":10,"bm":0,"nm":"Stroke 1","hd":false},{"ty":"fl","c":{"a":0,"k":[0.219607844949,0.282352954149,0.615686297417,1]},"o":{"a":0,"k":100},"r":1,"bm":0,"nm":"Fill 1","hd":false},{"ty":"tr","p":{"a":0,"k":[575.695,542.128]},"a":{"a":0,"k":[0,0]},"s":{"a":0,"k":[100,100]},"r":{"a":0,"k":0},"o":{"a":0,"k":100},"sk":{"a":0,"k":0},"sa":{"a":0,"k":0},"nm":"Transform"}],"nm":"Group 4","bm":0,"hd":false},{"ty":"gr","it":[{"ind":0,"ty":"sh","ks":{"a":0,"k":{"i":[[1.98,11.466],[-18.304,4.865],[-0.972,-26.954],[27.364,-0.037],[0,0],[-21.553,9.445],[0,0]],"o":[[0,0],[0,0],[0,0],[-27.364,0.037],[0,0],[11.87,-5.201],[0,0]],"v":[[-2.211,-36.158],[38.255,-39.362],[37.957,29.997],[-6.148,39.362],[-37.192,36.308],[-22.572,-2.22],[-3.991,-5.76]],"c":true}},"nm":"Path 1","hd":false},{"ty":"st","c":{"a":0,"k":[0.160784319043,0.184313729405,0.439215689898,1]},"o":{"a":0,"k":100},"w":{"a":0,"k":1},"lc":1,"lj":1,"ml":10,"bm":0,"nm":"Stroke 1","hd":false},{"ty":"fl","c":{"a":0,"k":[0.219607844949,0.282352954149,0.615686297417,1]},"o":{"a":0,"k":100},"r":1,"bm":0,"nm":"Fill 1","hd":false},{"ty":"tr","p":{"a":0,"k":[567.712,539.229]},"a":{"a":0,"k":[0,0]},"s":{"a":0,"k":[100,100]},"r":{"a":0,"k":0},"o":{"a":0,"k":100},"sk":{"a":0,"k":0},"sa":{"a":0,"k":0},"nm":"Transform"}],"nm":"Group 5","bm":0,"hd":false},{"ty":"gr","it":[{"ind":0,"ty":"sh","ks":{"a":0,"k":{"i":[[-0.91,-9.21],[0,0],[0,0],[0,0],[3.405,33.908]],"o":[[3.815,38.702],[0,0],[0,0],[0,0],[-0.952,-9.478]],"v":[[1.61,-66.633],[15.224,68.76],[3.741,72.621],[-0.789,71.118],[-15.185,-64.42]],"c":true}},"nm":"Path 1","hd":false},{"ty":"st","c":{"a":0,"k":[0.070588238537,0.290196090937,0.427450984716,1]},"o":{"a":0,"k":100},"w":{"a":0,"k":1},"lc":1,"lj":1,"ml":10,"bm":0,"nm":"Stroke 1","hd":false},{"ty":"fl","c":{"a":0,"k":[0.396078437567,0.623529434204,0.835294127464,1]},"o":{"a":0,"k":100},"r":1,"bm":0,"nm":"Fill 1","hd":false},{"ty":"tr","p":{"a":0,"k":[579.417,447.769]},"a":{"a":0,"k":[0,0]},"s":{"a":0,"k":[100,100]},"r":{"a":0,"k":0},"o":{"a":0,"k":100},"sk":{"a":0,"k":0},"sa":{"a":0,"k":0},"nm":"Transform"}],"nm":"Group 6","bm":0,"hd":false},{"ty":"gr","it":[{"ind":0,"ty":"sh","ks":{"a":0,"k":{"i":[[16.962,9.571],[-20.298,1.483],[0.745,-0.811]],"o":[[0,0],[20.298,-1.483],[0,0]],"v":[[-20.402,1.044],[-1.705,-4.096],[20.319,-2.35]],"c":true}},"nm":"Path 1","hd":false},{"ty":"st","c":{"a":0,"k":[0.188235297799,0.188235297799,0.184313729405,1]},"o":{"a":0,"k":100},"w":{"a":0,"k":0.75},"lc":1,"lj":1,"ml":10,"bm":0,"nm":"Stroke 1","hd":false},{"ty":"fl","c":{"a":0,"k":[0.160784319043,0.298039227724,0.329411774874,1]},"o":{"a":0,"k":100},"r":1,"bm":0,"nm":"Fill 1","hd":false},{"ty":"tr","p":{"a":0,"k":[585.647,501.099]},"a":{"a":0,"k":[0,0]},"s":{"a":0,"k":[100,100]},"r":{"a":0,"k":0},"o":{"a":0,"k":100},"sk":{"a":0,"k":0},"sa":{"a":0,"k":0},"nm":"Transform"}],"nm":"Group 7","bm":0,"hd":false},{"ty":"gr","it":[{"ind":0,"ty":"sh","ks":{"a":0,"k":{"i":[[34.888,-13.354],[-4.913,-7.211],[-12.185,9.874],[4.533,1.151],[0,0]],"o":[[0,0],[4.913,7.211],[0,0],[-4.533,-1.151],[0,0]],"v":[[-37.88,-2.128],[-38.542,7.145],[40.342,-0.664],[37.269,-8.439],[37.08,-8.899]],"c":true}},"nm":"Path 1","hd":false},{"ty":"st","c":{"a":0,"k":[0.086274512112,0.141176477075,0.298039227724,1]},"o":{"a":0,"k":100},"w":{"a":0,"k":1},"lc":1,"lj":1,"ml":10,"bm":0,"nm":"Stroke 1","hd":false},{"ty":"fl","c":{"a":0,"k":[0.086274512112,0.141176477075,0.298039227724,1]},"o":{"a":0,"k":100},"r":1,"bm":0,"nm":"Fill 1","hd":false},{"ty":"tr","p":{"a":0,"k":[568.4,577.666]},"a":{"a":0,"k":[0,0]},"s":{"a":0,"k":[100,100]},"r":{"a":0,"k":0},"o":{"a":0,"k":100},"sk":{"a":0,"k":0},"sa":{"a":0,"k":0},"nm":"Transform"}],"nm":"Group 8","bm":0,"hd":false}],"ip":0,"op":96,"st":0,"bm":0}]}],"layers":[{"ddd":0,"ind":1,"ty":0,"nm":"blue character","refId":"comp_0","sr":1,"ks":{"p":{"a":0,"k":[320,292,0]},"a":{"a":0,"k":[272,265,0]}},"ao":0,"w":544,"h":530,"ip":0,"op":96,"st":0,"bm":0}],"markers":[]}